time,cpu_useage,memory_useage,kB_rd/s,kB_wr/s,cache_hit_rate,concurrent_users,lock_wait_count,error_cnt_per_second,logical_reads_per_second,physical_reads_per_second,active_session,transactions_per_second,rows_scanned_per_second,rows_inserted_per_second,rows_updated_per_second,rows_deleted_per_second,auto_vacuum_cnt_per_second,filesys_use_rate
1701265976.5795481,1056.0,8.5,0.28,0.05,0.9926987474629786,2.0,0.0,1.0,290034.0,298.0,73.0,5342.0,97796.0,0.0,0.0,0.0,0.0,0.2464083437849909
1701265977.591185,1076.0,8.7,0.28,0.05,0.9926987474629786,2.0,0.0,0.0,0.0,0.0,73.0,0.0,0.0,0.0,0.0,0.0,0.0,0.2464083437849909
1701265978.5348165,856.2,8.8,0.28,0.05,0.9926992367667941,2.0,0.0,2.0,62226.0,33.0,72.0,2382.0,22978.0,0.0,0.0,0.0,0.0,0.2464083437849909
1701265979.5338163,875.0,9.0,0.28,0.05,0.9926995040821787,2.0,0.0,1.0,19058.0,0.0,72.0,4750.0,7470.0,0.0,0.0,0.0,0.0,0.2464083437849909
1701265980.5330975,1038.0,9.2,0.28,0.05,0.992699788240454,2.0,0.0,1.0,20192.0,0.0,72.0,4548.0,7848.0,0.0,0.0,0.0,0.0,0.24640837309829225
1701265981.5335345,946.7,9.5,0.29,0.05,0.9927000452270497,2.0,0.0,1.0,25528.0,44.0,73.0,4096.0,9630.0,0.0,0.0,0.0,0.0,0.24641033708948115
1701265982.5349479,831.2,9.8,0.29,0.05,0.9927001880113622,2.0,0.0,1.0,6103.0,64.0,73.0,4650.0,3161.0,0.0,0.0,0.0,0.0,0.24641153893483553
1701265983.535642,887.5,10.0,0.29,0.05,0.9927003228697331,2.0,0.0,1.0,5226.0,29.0,72.0,4919.0,2880.0,0.0,0.0,0.0,0.0,0.24641373743243503
1701265984.5390975,968.8,10.2,0.29,0.05,0.992700482980337,2.0,0.0,1.0,4832.0,0.0,72.0,5359.0,2730.0,0.0,0.0,0.0,0.0,0.24641376674573637
1701265985.5395238,950.0,10.4,0.29,0.05,0.9927006511882234,2.0,0.0,1.0,4787.0,0.0,72.0,5642.0,2713.0,0.0,0.0,0.0,0.0,0.24641376674573637
1701265986.5386238,1113.0,10.6,0.29,0.05,0.9927008195354788,2.0,0.0,1.0,4439.0,0.0,72.0,5822.0,2597.0,0.0,0.0,0.0,0.0,0.24641376674573637
1701265987.5393894,725.0,10.8,0.29,0.05,0.9927009776627662,2.0,0.0,1.0,4622.0,0.0,72.0,5384.0,2660.0,0.0,0.0,0.0,0.0,0.24641376674573637
1701265988.5406446,893.8,11.1,0.29,0.05,0.9927003656148509,2.0,0.0,1.0,14438.0,449.0,72.0,3437.0,5930.0,6.0,12.0,6.0,0.0,0.24641382537233902
1701265989.5414014,731.2,11.4,0.29,0.05,0.9926940027185187,2.0,0.0,1.0,129635.0,4055.0,72.0,1176.0,44331.0,77.0,154.0,77.0,0.0,0.2464140305654483
1701265990.5915747,1025.0,11.7,0.31,0.06,0.9926853947474839,2.0,0.0,0.0,248409.0,5553.0,74.0,543.0,82835.0,161.0,322.0,161.0,0.0,0.2464140305654483
1701265991.5643823,1044.0,11.9,0.32,0.06,0.9926825981145015,2.0,0.0,2.0,115834.0,1867.0,72.0,74.0,40868.0,71.0,142.0,71.0,0.0,0.24641414781865362
1701265992.5490544,993.8,12.0,0.33,0.06,0.9926791749912791,2.0,0.0,1.0,144633.0,2264.0,72.0,97.0,49365.0,95.0,190.0,95.0,0.0,0.24641704983548496
1701265993.5872467,1069.0,12.3,0.34,0.11,0.9926731492576805,2.0,0.0,1.0,262135.0,3968.0,75.0,190.0,88593.0,177.0,354.0,177.0,0.0,0.24643255657188678
1701265994.5673187,1094.0,12.5,0.34,0.14,0.9926687358545102,2.0,0.0,0.0,211917.0,2907.0,74.0,159.0,70777.0,148.0,296.0,148.0,0.0,0.24643654318086722
1701265995.6017492,1147.0,12.7,0.35,0.15,0.9926649227362366,2.0,0.0,1.0,194043.0,2523.0,74.0,143.0,65909.0,135.0,270.0,135.0,0.0,0.2464380381592349
1701265996.5990746,1056.0,12.9,0.35,0.16,0.9926622448388234,2.0,0.0,0.0,143237.0,1765.0,74.0,110.0,47833.0,103.0,206.0,103.0,0.0,0.24643953313760256
1701265997.633667,1075.0,13.1,0.35,0.17,0.9926577018076445,2.0,0.0,2.0,269804.0,3025.0,74.0,194.0,92372.0,191.0,382.0,191.0,0.0,0.24644222996132462
1701265998.668568,1056.0,13.2,0.35,0.17,0.9926563346388602,2.0,0.0,0.0,86608.0,907.0,74.0,65.0,28946.0,64.0,128.0,64.0,0.0,0.24644360768648696
1701265999.632129,1112.0,13.3,0.35,0.22,0.9926530090661241,2.0,0.0,1.0,201968.0,2198.0,73.0,155.0,68610.0,147.0,294.0,147.0,0.0,0.24644645107671567
1701266000.5899496,1069.0,13.5,0.36,0.22,0.9926500606824116,2.0,0.0,2.0,187453.0,1964.0,73.0,136.0,64875.0,134.0,268.0,134.0,0.0,0.24644941172014967
1701266001.5863023,852.4,13.6,0.36,0.23,0.9926471349149291,2.0,0.0,1.0,193605.0,1938.0,73.0,145.0,65821.0,143.0,286.0,143.0,0.0,0.24645052562560008
1701266002.7106314,1113.0,13.8,0.36,0.26,0.9926435409751347,2.0,0.0,1.0,233127.0,2366.0,74.0,182.0,79063.0,174.0,348.0,174.0,0.0,0.24645380871534867
1701266003.7505405,927.8,13.9,0.37,0.32,0.992641573189518,2.0,0.0,1.0,137478.0,1306.0,75.0,104.0,47096.0,102.0,204.0,102.0,0.0,0.2464586454100676
1701266004.6704285,1093.0,14.1,0.37,0.32,0.9926385269270782,2.0,0.0,0.0,198800.0,1993.0,75.0,154.0,66486.0,152.0,304.0,152.0,0.0,0.24645937824260075
1701266005.7400792,1075.0,14.2,0.37,0.32,0.9926362428340508,2.0,0.0,1.0,150018.0,1501.0,75.0,124.0,51278.0,112.0,224.0,112.0,0.0,0.24646213369292547
1701266006.7024093,1056.0,14.3,0.37,0.32,0.9926332841359925,2.0,0.0,2.0,202016.0,1955.0,72.0,157.0,69770.0,149.0,298.0,149.0,0.0,0.24646254407914403
1701266007.7437043,1056.0,14.4,0.41,0.33,0.992630912849607,2.0,0.0,1.0,153065.0,1551.0,73.0,126.0,52295.0,115.0,230.0,115.0,0.0,0.24646254407914403
1701266008.6783414,1056.0,14.5,0.41,0.34,0.9926301491235,2.0,0.0,2.0,67820.0,533.0,72.0,48.0,24904.0,46.0,92.0,46.0,0.0,0.24646697038764437
1701266009.8026514,1062.0,14.7,0.44,0.35,0.9926261041689274,2.0,0.0,2.0,276555.0,2651.0,73.0,220.0,93617.0,212.0,424.0,211.0,0.0,0.2464702827906943
1701266010.6839387,1107.0,14.8,0.44,0.36,0.9926261041689274,2.0,0.0,0.0,0.0,0.0,72.0,0.0,0.0,0.0,0.0,0.0,0.0,0.2464706345503102
1701266011.6832385,1106.0,14.9,0.45,0.38,0.9926208712562037,2.0,0.0,2.0,351477.0,3419.0,73.0,278.0,119799.0,269.0,538.0,269.0,0.0,0.2464755591849331
1701266012.7170405,1107.0,15.0,0.45,0.43,0.9926178712811607,2.0,0.0,0.0,206975.0,1950.0,74.0,165.0,69265.0,163.0,326.0,163.0,0.0,0.24647637995737026
1701266013.7328453,1120.0,15.2,0.45,0.44,0.9926154431803439,2.0,0.0,0.0,173353.0,1580.0,73.0,139.0,57999.0,137.0,274.0,137.0,0.0,0.24647825600865517
1701266014.7243545,894.7,15.3,0.45,0.44,0.9926125446537406,2.0,0.0,2.0,216011.0,1915.0,74.0,172.0,74501.0,164.0,328.0,164.0,0.0,0.24647966304711885
1701266015.7872617,1069.0,15.4,0.46,0.44,0.9926101431089189,2.0,0.0,0.0,165533.0,1558.0,74.0,133.0,55381.0,131.0,262.0,131.0,0.0,0.24648095283237723
1701266016.7746665,1038.0,15.5,0.46,0.44,0.9926069499599753,2.0,0.0,1.0,222827.0,2084.0,74.0,175.0,75669.0,173.0,346.0,173.0,0.0,0.24648297545016876
1701266017.733999,1025.0,15.6,0.47,0.48,0.9926046948631722,2.0,0.0,1.0,154032.0,1470.0,73.0,122.0,52652.0,119.0,238.0,119.0,0.0,0.24648517394776828
1701266018.832382,1050.0,15.7,0.47,0.54,0.9926019424069612,2.0,0.0,2.0,209730.0,1822.0,75.0,175.0,72406.0,159.0,318.0,159.0,0.0,0.24648766557838103
1701266019.7281234,1044.0,15.8,0.47,0.54,0.992599463063617,2.0,0.0,0.0,172927.0,1607.0,74.0,144.0,57847.0,137.0,274.0,137.0,0.0,0.2464890433035434
1701266020.7178445,1044.0,15.9,0.48,0.57,0.9925968258092737,2.0,0.0,1.0,191776.0,1728.0,75.0,157.0,65276.0,149.0,298.0,149.0,0.0,0.2464905675952124
1701266021.7107534,1044.0,16.0,0.48,0.61,0.9925944912131832,2.0,0.0,1.0,181586.0,1539.0,74.0,148.0,61862.0,141.0,282.0,141.0,0.0,0.24649109523463628
1701266022.7687242,1025.0,16.1,0.48,0.62,0.9925915468547,2.0,0.0,1.0,219248.0,1931.0,74.0,174.0,74478.0,171.0,342.0,171.0,0.0,0.24649238501989465
1701266023.7468646,1038.0,16.2,0.48,0.66,0.992589227187911,2.0,0.0,1.0,162028.0,1513.0,75.0,127.0,55304.0,126.0,252.0,126.0,0.0,0.2464927660928119
1701266024.7617295,1038.0,16.2,0.49,0.66,0.9925866680047838,2.0,0.0,1.0,203439.0,1688.0,74.0,168.0,69173.0,159.0,318.0,159.0,0.0,0.24649402656476893
1701266025.7300782,1100.0,16.3,0.49,0.66,0.9925843513155483,2.0,0.0,1.0,168438.0,1517.0,74.0,132.0,57444.0,131.0,262.0,131.0,0.0,0.24649437832438487
1701266026.7330198,1050.0,16.4,0.49,0.66,0.9925818393631204,2.0,0.0,1.0,197070.0,1656.0,75.0,156.0,67044.0,154.0,308.0,154.0,0.0,0.24649555085643793
1701266027.7245374,1025.0,16.5,0.49,0.67,0.9925796281565856,2.0,0.0,1.0,169463.0,1455.0,74.0,140.0,57785.0,132.0,264.0,132.0,0.0,0.24649654750868305
1701266028.7265012,1113.0,16.6,0.5,0.67,0.9925770901815973,2.0,0.0,1.0,199076.0,1671.0,74.0,158.0,67698.0,156.0,312.0,156.0,0.0,0.24649663544858702
1701266029.7513626,1050.0,16.7,0.5,0.67,0.9925749215548142,2.0,0.0,1.0,167915.0,1429.0,74.0,133.0,57293.0,131.0,262.0,131.0,0.0,0.24649886325948786
1701266030.8355148,1044.0,16.8,0.51,0.74,0.9925732881562405,2.0,0.0,0.0,124933.0,1067.0,74.0,101.0,41801.0,100.0,200.0,100.0,0.0,0.2465038465207134
1701266031.9004626,1031.0,16.8,0.51,0.77,0.9925695501440353,2.0,0.0,3.0,299007.0,2484.0,74.0,243.0,103367.0,229.0,458.0,229.0,0.0,0.24650519493257442
1701266032.8722396,1038.0,16.9,0.51,0.77,0.9925672901219348,2.0,0.0,0.0,175940.0,1485.0,74.0,153.0,58868.0,140.0,280.0,140.0,0.0,0.24650613295821688
1701266033.8689775,988.2,17.0,0.52,0.77,0.9925653614187319,2.0,0.0,1.0,144453.0,1272.0,74.0,119.0,49451.0,112.0,224.0,112.0,0.0,0.24650818488930976
1701266034.8437493,1050.0,17.1,0.52,0.81,0.9925627682704168,2.0,0.0,1.0,203877.0,1708.0,75.0,168.0,69311.0,160.0,320.0,160.0,0.0,0.24650959192777344
1701266035.8375752,1022.0,17.1,0.53,0.86,0.9925601659054404,2.0,0.0,1.0,208718.0,1718.0,74.0,166.0,70924.0,164.0,328.0,164.0,0.0,0.24651123347264772
1701266036.898362,1031.0,17.2,0.53,0.87,0.9925574069589583,2.0,0.0,1.0,224938.0,1824.0,76.0,179.0,76350.0,177.0,354.0,177.0,0.0,0.2465122887514955
1701266038.0513816,1107.0,17.3,0.53,0.87,0.9925549110289915,2.0,0.0,1.0,204982.0,1653.0,74.0,170.0,69700.0,161.0,322.0,161.0,0.0,0.2465140475495751
1701266038.8814182,1087.0,17.4,0.54,0.87,0.9925533045969247,2.0,0.0,1.0,134976.0,1069.0,75.0,106.0,46254.0,105.0,210.0,105.0,0.0,0.2465136078500552
1701266039.9961114,1107.0,17.5,0.54,0.87,0.9925501981187212,2.0,0.0,1.0,248330.0,2048.0,74.0,199.0,84158.0,196.0,392.0,196.0,0.0,0.24651539596143612
1701266041.0272968,1093.0,17.5,0.54,0.96,0.9925486764973263,2.0,0.0,2.0,155710.0,1046.0,74.0,125.0,54334.0,118.0,236.0,118.0,0.0,0.24651621673387328
1701266042.010127,966.7,17.6,0.55,0.97,0.99254547363035,2.0,0.0,0.0,257782.0,2102.0,74.0,210.0,86200.0,207.0,413.0,207.0,0.0,0.2465192066906086
1701266042.972902,1107.0,17.7,0.55,0.97,0.99254547363035,2.0,0.0,0.0,0.0,0.0,75.0,0.0,0.0,0.0,0.0,0.0,0.0,0.2465212879350028
1701266044.120058,1056.0,17.7,0.55,0.97,0.9925417802425412,2.0,0.0,2.0,319327.0,2465.0,75.0,267.0,109083.0,249.0,498.0,249.0,0.0,0.24652319329958902
1701266044.954613,1031.0,17.8,0.55,0.98,0.9925398486923612,2.0,0.0,2.0,165368.0,1298.0,74.0,129.0,57522.0,126.0,252.0,126.0,0.0,0.24652395544542352
1701266045.965169,1031.0,17.9,0.56,0.98,0.9925378024055541,2.0,0.0,0.0,167636.0,1349.0,73.0,145.0,56078.0,134.0,268.0,134.0,0.0,0.24652635913613233
1701266047.0136871,1100.0,17.9,0.56,1.02,0.9925348598258469,2.0,0.0,2.0,262593.0,1975.0,75.0,212.0,90031.0,204.0,408.0,204.0,0.0,0.246526329822831
1701266048.1387203,1113.0,18.0,0.57,1.02,0.9925324137295137,2.0,0.0,0.0,202883.0,1613.0,75.0,166.0,67881.0,163.0,326.0,163.0,0.0,0.24652741441498008
1701266049.1913257,1069.0,18.1,0.57,1.1,0.9925304951267195,2.0,0.0,1.0,164749.0,1279.0,75.0,130.0,56211.0,129.0,258.0,129.0,0.0,0.24652852832043048
1701266050.236316,1050.0,18.1,0.58,1.14,0.9925278590561374,2.0,0.0,1.0,236008.0,1763.0,74.0,195.0,80028.0,186.0,372.0,186.0,0.0,0.2465289680199504
1701266051.1827962,1133.0,18.2,0.58,1.14,0.9925259416536529,2.0,0.0,1.0,164608.0,1278.0,74.0,130.0,56156.0,129.0,258.0,129.0,0.0,0.2465298474189902
1701266052.1511676,1088.0,18.3,0.58,1.14,0.9925239274203738,2.0,0.0,2.0,188860.0,1366.0,75.0,148.0,65400.0,145.0,290.0,145.0,0.0,0.24653145965056317
1701266053.1490488,1056.0,18.3,0.58,1.14,0.9925223034938407,2.0,0.0,0.0,131812.0,1068.0,74.0,107.0,44060.0,106.0,212.0,106.0,0.0,0.2465316941569738
1701266054.172793,1000.0,18.4,0.58,1.15,0.9925209721569459,2.0,0.0,1.0,123784.0,900.0,73.0,104.0,42504.0,96.0,192.0,96.0,0.0,0.24653222179639767
1701266055.157135,1100.0,18.4,0.59,1.19,0.9925175355682052,2.0,0.0,2.0,290660.0,2292.0,73.0,229.0,99424.0,227.0,454.0,227.0,0.0,0.24653735162412985
1701266056.149818,1031.0,18.5,0.59,1.23,0.9925147039315225,2.0,0.0,1.0,239530.0,1917.0,75.0,195.0,81248.0,189.0,378.0,189.0,0.0,0.24654139685971294
1701266057.1620429,1113.0,18.6,0.59,1.26,0.9925122892001359,2.0,0.0,1.0,192518.0,1675.0,76.0,165.0,65510.0,151.0,302.0,151.0,0.0,0.24654133823311028
1701266058.2362442,1044.0,18.6,0.6,1.26,0.9925100731761078,2.0,0.0,0.0,170726.0,1454.0,75.0,144.0,57116.0,137.0,274.0,137.0,0.0,0.24654186587253415
1701266059.155399,1113.0,18.7,0.6,1.27,0.9925076676148626,2.0,0.0,0.0,180679.0,1577.0,74.0,151.0,60451.0,145.0,290.0,145.0,0.0,0.24654251076516334
1701266060.1853347,1082.0,18.7,0.6,1.27,0.9925056112423167,2.0,0.0,2.0,160188.0,1372.0,74.0,130.0,55810.0,122.0,244.0,122.0,0.0,0.2465441229967363
1701266061.2714002,1107.0,18.7,0.6,1.27,0.9925022565480667,2.0,0.0,2.0,250742.0,2217.0,74.0,197.0,86128.0,195.0,390.0,195.0,0.0,0.2465436832972164
1701266062.2290528,1075.0,18.8,0.61,1.29,0.9925006751093483,2.0,0.0,0.0,114343.0,1032.0,73.0,94.0,38237.0,92.0,184.0,92.0,0.0,0.24654438681644825
1701266063.217074,1075.0,18.8,0.61,1.3,0.9924981042915473,2.0,0.0,2.0,187280.0,1700.0,73.0,146.0,64884.0,144.0,288.0,144.0,0.0,0.24654462132285887
1701266064.249863,944.4,18.8,0.61,1.31,0.9924962124247038,2.0,0.0,2.0,147688.0,1264.0,72.0,120.0,51616.0,112.0,224.0,112.0,0.0,0.24654626286773318
1701266065.273703,1113.0,18.9,0.62,1.36,0.9924914656250322,2.0,0.0,1.0,342054.0,3108.0,73.0,274.0,115504.0,272.0,544.0,272.0,0.0,0.24654843205203134
1701266066.2642882,964.7,18.9,0.62,1.36,0.9924891763447873,2.0,0.0,0.0,170327.0,1523.0,74.0,145.0,56955.0,137.0,274.0,137.0,0.0,0.24654931145107115
1701266067.3143053,1038.0,18.9,0.62,1.38,0.9924854863979753,2.0,0.0,1.0,253980.0,2411.0,74.0,203.0,86056.0,201.0,402.0,201.0,0.0,0.24655253591421708
1701266068.3532698,970.6,19.0,0.63,1.39,0.9924828327596502,2.0,0.0,1.0,173169.0,1729.0,75.0,138.0,59047.0,136.0,272.0,136.0,0.0,0.24655532067784314
1701266069.3030865,1127.0,19.0,0.63,1.39,0.9924795698788279,2.0,0.0,1.0,210899.0,2181.0,74.0,179.0,71623.0,166.0,332.0,166.0,0.0,0.24655860376759173
1701266070.2949076,1050.0,19.0,0.64,1.39,0.9924770985070405,2.0,0.0,1.0,161487.0,1643.0,75.0,137.0,55139.0,126.0,252.0,126.0,0.0,0.2465586917074957
1701266071.366398,1038.0,19.0,0.64,1.4,0.9924740030089889,2.0,0.0,0.0,201773.0,2008.0,75.0,170.0,67485.0,162.0,324.0,162.0,0.0,0.24655892621390632
1701266072.309486,1019.0,19.1,0.64,1.46,0.9924713132557943,2.0,0.0,0.0,170234.0,1739.0,73.0,138.0,56944.0,137.0,274.0,137.0,0.0,0.24655927797352223
1701266073.3446772,1107.0,19.1,0.65,1.49,0.9924685048278674,2.0,0.0,3.0,201498.0,1866.0,74.0,160.0,70724.0,152.0,304.0,152.0,0.0,0.24656033325237
1701266074.344191,1025.0,19.1,0.65,1.49,0.9924660784408024,2.0,0.0,0.0,170195.0,1583.0,75.0,139.0,56903.0,137.0,274.0,137.0,0.0,0.24656138853121776
1701266075.4288127,1100.0,19.1,0.65,1.55,0.9924633310182487,2.0,0.0,1.0,201692.0,1809.0,74.0,161.0,68566.0,159.0,318.0,159.0,0.0,0.2465614471578204
1701266076.4058115,1062.0,19.1,0.65,1.55,0.992459535343182,2.0,0.0,1.0,293755.0,2511.0,73.0,242.0,99357.0,233.0,466.0,233.0,0.0,0.24656256106327082
1701266077.3936088,1035.0,19.1,0.66,1.55,0.992459535343182,2.0,0.0,0.0,0.0,0.0,74.0,0.0,0.0,0.0,0.0,0.0,0.0,0.2465632059559
1701266078.451598,1025.0,19.1,0.66,1.55,0.9924559819362248,2.0,0.0,2.0,289046.0,2372.0,73.0,229.0,98884.0,226.0,452.0,226.0,0.0,0.24656431986135044
1701266079.360318,1062.0,19.1,0.66,1.59,0.9924541662070192,2.0,0.0,1.0,144666.0,1209.0,74.0,121.0,49472.0,113.0,226.0,113.0,0.0,0.24656900998956272
1701266080.3671565,1093.0,19.2,0.66,1.65,0.9924514648577252,2.0,0.0,1.0,212873.0,1795.0,75.0,170.0,72297.0,168.0,336.0,168.0,0.0,0.24656939106247996
1701266081.3885963,1044.0,19.2,0.66,1.65,0.9924491121767134,2.0,0.0,1.0,206940.0,1580.0,75.0,170.0,70296.0,163.0,326.0,163.0,0.0,0.2465710912339569
1701266082.4026146,938.9,19.2,0.67,1.66,0.9924465413288932,2.0,0.0,1.0,215835.0,1717.0,73.0,183.0,73289.0,170.0,340.0,170.0,0.0,0.24657170681328477
1701266083.39564,884.2,19.2,0.67,1.74,0.9924444593937707,2.0,0.0,2.0,191675.0,1420.0,72.0,158.0,66339.0,147.0,294.0,147.0,0.0,0.2465726448389272
1701266084.4530258,1050.0,19.2,0.67,1.75,0.9924419892535012,2.0,0.0,1.0,206609.0,1651.0,74.0,165.0,70227.0,163.0,326.0,163.0,0.0,0.24657346561136437
1701266085.4554236,1031.0,19.2,0.67,1.75,0.9924401291885757,2.0,0.0,1.0,164562.0,1253.0,75.0,137.0,56142.0,129.0,258.0,129.0,0.0,0.2465738173709803
1701266086.506884,1025.0,19.2,0.68,1.79,0.992438043208887,2.0,0.0,0.0,172625.0,1384.0,74.0,141.0,57711.0,139.0,278.0,139.0,0.0,0.2465744915769108
1701266087.4808912,972.2,19.2,0.68,1.81,0.9924354288201478,2.0,0.0,2.0,228140.0,1765.0,73.0,180.0,78504.0,177.0,354.0,177.0,0.0,0.24657498990303336
1701266088.4315653,1081.0,19.3,0.68,1.81,0.9924337144351074,2.0,0.0,1.0,149461.0,1156.0,74.0,118.0,51107.0,117.0,234.0,117.0,0.0,0.24657501921633468
1701266089.4326518,1112.0,19.3,0.68,1.81,0.9924319689775373,2.0,0.0,2.0,159997.0,1191.0,73.0,130.0,55717.0,122.0,244.0,122.0,0.0,0.2465771004607289
1701266090.4688723,1038.0,19.3,0.68,1.81,0.9924298112386227,2.0,0.0,1.0,201606.0,1463.0,72.0,161.0,68530.0,159.0,318.0,159.0,0.0,0.2465775694735501
1701266091.4437072,1093.0,19.3,0.68,1.81,0.9924294444353507,2.0,0.0,0.0,0.0,0.0,77.0,0.0,0.0,0.0,0.0,0.0,0.0,0.24658483917227914
1701266092.4383495,962.5,19.3,0.68,1.81,0.9924294444353507,2.0,0.0,0.0,0.0,0.0,77.0,0.0,0.0,0.0,0.0,0.0,0.0,0.2465848977988818
1701266093.4394236,556.2,19.3,0.68,1.81,0.9924294444353507,2.0,0.0,0.0,0.0,0.0,77.0,0.0,0.0,0.0,0.0,0.0,0.0,0.24658483917227914
1701266094.43999,400.0,19.3,0.69,1.81,0.9924294444353507,2.0,0.0,0.0,0.0,0.0,76.0,0.0,0.0,0.0,0.0,0.0,0.0,0.24658483917227914
1701266095.4416163,1006.0,19.3,0.69,1.81,0.9924294444353507,2.0,0.0,1.0,37713.0,260.0,77.0,28.0,13719.0,27.0,54.0,27.0,0.0,0.24658516161859373
1701266096.457698,1069.0,19.4,0.69,1.81,0.9924195113805393,2.0,0.0,0.0,869139.0,6645.0,75.0,742.0,290791.0,698.0,1396.0,698.0,0.0,0.24658551337820966
1701266097.4663303,994.1,19.4,0.7,1.81,0.992417212386619,2.0,0.0,5.0,220833.0,1607.0,74.0,164.0,79427.0,161.0,322.0,161.0,0.0,0.2465873308028919
1701266098.4628007,1056.0,19.3,0.7,1.81,0.9924155811110655,2.0,0.0,1.0,132285.0,1093.0,74.0,110.0,45389.0,103.0,206.0,103.0,0.0,0.24658774118911048
1701266099.4968152,1044.0,19.4,0.71,1.91,0.99241239985827,2.0,0.0,0.0,269507.0,2122.0,74.0,219.0,90175.0,217.0,434.0,217.0,0.0,0.2465882981418357
1701266100.5613408,936.8,19.4,0.71,1.93,0.9924095106349716,2.0,0.0,2.0,258076.0,1959.0,74.0,206.0,88568.0,201.0,402.0,201.0,0.0,0.2465886205881503
1701266101.5084739,1031.0,19.4,0.71,1.93,0.9924082925799514,2.0,0.0,0.0,103198.0,813.0,74.0,88.0,34524.0,83.0,166.0,83.0,0.0,0.24659037938622988
1701266102.5322444,1087.0,19.4,0.71,1.97,0.9924059650624477,2.0,0.0,2.0,228254.0,1602.0,75.0,180.0,78608.0,177.0,354.0,177.0,0.0,0.24659392629569044
1701266103.4734817,1100.0,19.4,0.71,1.97,0.9924038996265914,2.0,0.0,0.0,172583.0,1375.0,76.0,140.0,57717.0,139.0,278.0,139.0,0.0,0.2465955385272634
1701266104.5486505,1088.0,19.4,0.72,1.97,0.9924021044904491,2.0,0.0,1.0,169868.0,1224.0,76.0,146.0,57934.0,133.0,266.0,133.0,0.0,0.24659612479328993
1701266105.4984875,1120.0,19.4,0.72,1.98,0.992399535570684,2.0,0.0,1.0,220702.0,1728.0,75.0,182.0,74936.0,174.0,348.0,174.0,0.0,0.24659738526524697
1701266106.477432,1147.0,19.4,0.72,1.98,0.9923979327865499,2.0,0.0,2.0,163126.0,1115.0,74.0,134.0,56828.0,124.0,248.0,124.0,0.0,0.24659879230371065
1701266107.5953825,1056.0,19.4,0.72,1.98,0.9923954506823285,2.0,0.0,0.0,221253.0,1668.0,74.0,186.0,74011.0,178.0,356.0,178.0,0.0,0.2465988509303133
1701266108.4873753,1075.0,19.4,0.72,2.06,0.992393683967615,2.0,0.0,1.0,166845.0,1206.0,75.0,133.0,56917.0,131.0,262.0,131.0,0.0,0.24659931994313455
1701266109.5858738,1056.0,19.4,0.73,2.08,0.9923918351770789,2.0,0.0,1.0,173058.0,1261.0,74.0,138.0,58980.0,136.0,272.0,136.0,0.0,0.24659964238944915
1701266110.484393,1053.0,19.5,0.73,2.08,0.9923891584507116,2.0,0.0,1.0,247659.0,1818.0,74.0,200.0,83971.0,196.0,392.0,196.0,0.0,0.24660058041509159
1701266111.5358136,1025.0,19.5,0.73,2.13,0.9923869918920356,2.0,0.0,2.0,193449.0,1478.0,75.0,155.0,66915.0,149.0,298.0,149.0,0.0,0.24660110805451546
1701266112.5199509,1075.0,19.5,0.73,2.17,0.9923848680303916,2.0,0.0,0.0,185017.0,1424.0,73.0,151.0,61873.0,149.0,298.0,149.0,0.0,0.246601694320542
1701266113.5501864,1120.0,19.5,0.73,2.17,0.9923825810565536,2.0,0.0,1.0,206523.0,1553.0,74.0,165.0,70163.0,163.0,326.0,163.0,0.0,0.24660251509297915
1701266114.6101525,1075.0,19.5,0.74,2.2,0.9923799208117012,2.0,0.0,2.0,239505.0,1838.0,74.0,195.0,82331.0,186.0,372.0,186.0,0.0,0.24660427389105877
1701266115.5536683,955.6,19.5,0.74,2.2,0.9923785455877011,2.0,0.0,0.0,112923.0,917.0,73.0,91.0,37757.0,91.0,182.0,91.0,0.0,0.24660500672359192
1701266116.5988042,1120.0,19.5,0.74,2.2,0.9923760429410875,2.0,0.0,1.0,215289.0,1688.0,73.0,173.0,73115.0,170.0,340.0,170.0,0.0,0.24660802599362858
1701266117.555604,1062.0,19.5,0.75,2.2,0.9923740989185461,2.0,0.0,2.0,174366.0,1342.0,74.0,150.0,60540.0,133.0,266.0,133.0,0.0,0.24660846569314848
1701266118.5609572,1153.0,19.5,0.75,2.21,0.9923714612754246,2.0,0.0,1.0,233478.0,1785.0,73.0,196.0,79212.0,184.0,368.0,184.0,0.0,0.2466104589976387
1701266119.6051893,1006.0,19.5,0.75,2.26,0.9923697316725915,2.0,0.0,1.0,150712.0,1173.0,74.0,120.0,51522.0,118.0,236.0,118.0,0.0,0.2466104589976387
1701266120.6422963,1035.0,19.5,0.75,2.32,0.9923666283595037,2.0,0.0,0.0,247267.0,2066.0,75.0,207.0,82709.0,199.0,398.0,199.0,0.0,0.24661095732376126
1701266121.5742831,1038.0,19.5,0.76,2.32,0.9923641113428857,2.0,0.0,1.0,199117.0,1683.0,74.0,159.0,67703.0,157.0,314.0,157.0,0.0,0.24661180740949973
1701266122.5705743,1093.0,19.5,0.76,2.32,0.9923615752424909,2.0,0.0,2.0,211984.0,1716.0,75.0,167.0,73106.0,164.0,328.0,164.0,0.0,0.24661239367552626
1701266123.5905228,1031.0,19.5,0.76,2.32,0.9923594502345061,2.0,0.0,0.0,172709.0,1419.0,75.0,146.0,57751.0,139.0,278.0,139.0,0.0,0.24661256955533423
1701266124.6060138,1062.0,19.5,0.77,2.33,0.9923576365318636,2.0,0.0,1.0,143225.0,1216.0,75.0,114.0,48981.0,112.0,224.0,112.0,0.0,0.24661333170116873
1701266125.568289,1031.0,19.6,0.77,2.33,0.9923549541827154,2.0,0.0,1.0,209040.0,1793.0,75.0,167.0,71028.0,165.0,330.0,165.0,0.0,0.24661347826767535
1701266126.5988224,1038.0,19.5,0.77,2.36,0.9923524489023545,2.0,0.0,1.0,195453.0,1678.0,74.0,157.0,66477.0,154.0,308.0,154.0,0.0,0.2466148559928377
1701266127.5547917,1113.0,19.6,0.77,2.38,0.9923505447109197,2.0,0.0,1.0,166976.0,1300.0,75.0,138.0,56952.0,131.0,262.0,131.0,0.0,0.24661860809540753
1701266128.5747652,1080.0,19.6,0.77,2.42,0.9923477957249324,2.0,0.0,2.0,224637.0,1909.0,75.0,180.0,77349.0,174.0,348.0,174.0,0.0,0.2466206600265004
1701266129.6073527,1062.0,19.6,0.77,2.44,0.9923452386319966,2.0,0.0,0.0,195400.0,1789.0,75.0,165.0,65348.0,157.0,314.0,157.0,0.0,0.24662112903932162
1701266130.6341999,1100.0,19.6,0.78,2.44,0.9923431667570196,2.0,1.0,1.0,148782.0,1397.0,75.0,129.0,50860.0,116.0,232.0,116.0,0.0,0.24662136354573225
1701266131.6184967,1069.0,19.6,0.78,2.45,0.9923402170200386,2.0,0.0,1.0,219341.0,1967.0,74.0,179.0,74481.0,173.0,346.0,173.0,0.0,0.2466216566787455
1701266132.5960522,1056.0,19.6,0.78,2.47,0.9923361598494218,2.0,0.0,2.0,311449.0,2718.0,74.0,253.0,106367.0,244.0,488.0,244.0,0.0,0.24662215500486806
1701266133.6020572,1120.0,19.6,0.78,2.47,0.9923361598494218,2.0,0.0,0.0,0.0,0.0,74.0,0.0,0.0,0.0,0.0,0.0,0.0,0.2466220670649641
1701266134.5800672,1140.0,19.6,0.78,2.47,0.9923347180527686,2.0,0.0,1.0,119700.0,977.0,73.0,96.0,41130.0,93.0,186.0,93.0,0.0,0.24662279989749725
1701266135.5834417,1080.0,19.6,0.78,2.5,0.99233094777655,2.0,0.0,2.0,306289.0,2543.0,73.0,241.0,104685.0,240.0,480.0,240.0,0.0,0.24662452938227553
1701266136.6314917,1050.0,19.6,0.79,2.5,0.9923286821410934,2.0,0.0,1.0,186857.0,1528.0,73.0,154.0,63597.0,147.0,294.0,147.0,0.0,0.24662382586304368
1701266137.6323342,1050.0,19.6,0.79,2.5,0.992326446432797,2.0,0.0,0.0,177639.0,1494.0,73.0,147.0,59423.0,143.0,286.0,143.0,0.0,0.24662400174285165
1701266138.646008,1131.0,19.6,0.79,2.5,0.9923246362416874,2.0,0.0,3.0,152805.0,1248.0,73.0,115.0,54421.0,113.0,226.0,113.0,0.0,0.24662640543356043
1701266139.6024437,1112.0,19.6,0.8,2.5,0.9923216714675555,2.0,0.0,0.0,0.0,0.0,75.0,0.0,0.0,0.0,0.0,0.0,0.0,0.2466322974071271
1701266140.618357,1120.0,19.6,0.8,2.5,0.9923216714675555,2.0,0.0,0.0,0.0,0.0,76.0,0.0,0.0,0.0,0.0,0.0,0.0,0.24663212152731914
1701266141.621727,994.1,19.6,0.81,2.5,0.9923216714675555,2.0,0.0,0.0,234711.0,1981.0,76.0,191.0,78517.0,189.0,378.0,189.0,0.0,0.24663238534703108
1701266142.6042387,1082.0,19.6,0.81,2.51,0.9923132921830559,2.0,0.0,1.0,648685.0,5605.0,75.0,545.0,218101.0,518.0,1036.0,518.0,0.0,0.24663232672042842
1701266143.6236074,1059.0,19.6,0.81,2.51,0.9923119309850703,2.0,0.0,4.0,131528.0,975.0,73.0,104.0,48464.0,92.0,184.0,92.0,0.0,0.24663282504655099
1701266144.631257,1050.0,19.6,0.81,2.51,0.9923085785934848,2.0,0.0,0.0,253316.0,2228.0,74.0,206.0,84732.0,204.0,408.0,204.0,0.0,0.24663346993918017
1701266145.6156049,800.0,19.6,0.81,2.52,0.9923060976228062,2.0,0.0,0.0,199947.0,1663.0,74.0,163.0,66901.0,161.0,322.0,161.0,0.0,0.24663346993918017
1701266146.7142494,1044.0,19.6,0.81,2.54,0.9923031012389336,2.0,0.0,1.0,255241.0,2030.0,72.0,210.0,86543.0,202.0,404.0,202.0,0.0,0.24663399757860405
1701266147.7130089,1031.0,19.6,0.82,2.55,0.9923008192753587,2.0,0.0,2.0,205866.0,1570.0,74.0,162.0,71118.0,159.0,318.0,159.0,0.0,0.24663440796482264
1701266148.7147305,1025.0,19.6,0.82,2.55,0.9922993300218829,2.0,0.0,0.0,124168.0,1002.0,74.0,101.0,41538.0,100.0,200.0,100.0,0.0,0.24663560981017701
1701266149.7931685,1100.0,19.6,0.82,2.55,0.9922961752049707,2.0,0.0,478.0,1083179987.0,4628959.0,74.0,733504.0,650021387.0,50703085.0,1268101.0,634834.0,0.0,0.24663604950969692
1701266150.7862718,1000.0,19.6,0.82,2.55,0.9922948591630328,2.0,0.0,3.0,402612.0,3066.0,74.0,324.0,138018.0,314.0,628.0,314.0,0.0,0.2466360201963956
1701266151.7742624,581.2,19.6,0.82,2.55,0.9922948591630328,2.0,0.0,1.0,120878.0,905.0,72.0,95.0,41542.0,94.0,188.0,94.0,0.0,0.2466351407973558
1701266152.89328,1044.0,19.6,0.82,2.57,0.9922903509988995,2.0,0.0,3.0,411354.0,3096.0,74.0,332.0,140958.0,321.0,642.0,321.0,0.0,0.24664153109704504
1701266153.7629368,1050.0,19.6,0.83,2.58,0.9922881093336597,2.0,0.0,0.0,185761.0,1509.0,75.0,160.0,62177.0,149.0,298.0,149.0,0.0,0.24664179491675697
1701266154.8546543,1056.0,19.7,0.83,2.6,0.992285400294414,2.0,0.0,0.0,218088.0,1817.0,75.0,187.0,72938.0,175.0,350.0,175.0,0.0,0.24664188285666094
1701266155.7813075,1025.0,19.7,0.83,2.61,0.9922843498581968,2.0,0.0,1.0,91327.0,728.0,74.0,74.0,31651.0,70.0,140.0,70.0,0.0,0.2466427329423994
1701266156.8249364,1025.0,19.7,0.84,2.61,0.9922815082561713,2.0,0.0,1.0,246426.0,1931.0,75.0,202.0,83528.0,195.0,390.0,195.0,0.0,0.24664279156900207
1701266157.78523,1025.0,19.7,0.84,2.65,0.9922795895781885,2.0,0.0,1.0,174315.0,1315.0,75.0,139.0,59421.0,137.0,274.0,137.0,0.0,0.24664317264191932
1701266158.8534305,1044.0,19.7,0.84,2.69,0.9922777039057993,2.0,0.0,1.0,178077.0,1300.0,73.0,144.0,60677.0,140.0,280.0,140.0,0.0,0.24664387616115116
1701266159.8220367,1038.0,19.7,0.84,2.7,0.9922752399934446,2.0,0.0,1.0,232750.0,1696.0,75.0,190.0,78968.0,184.0,368.0,184.0,0.0,0.24664393478775382
1701266160.8272243,1044.0,19.7,0.84,2.72,0.9922731859709432,2.0,0.0,1.0,197892.0,1420.0,74.0,158.0,67314.0,156.0,312.0,156.0,0.0,0.24664525388631353
1701266161.850015,1120.0,19.7,0.84,2.72,0.9922709658413353,2.0,0.0,2.0,215785.0,1547.0,74.0,171.0,74411.0,167.0,334.0,167.0,0.0,0.24664525388631353
1701266162.8117843,1069.0,19.7,0.85,2.75,0.9922696148600312,2.0,0.0,0.0,116851.0,934.0,73.0,100.0,39071.0,94.0,188.0,94.0,0.0,0.2466456935858334
1701266163.8085532,1120.0,19.7,0.85,2.75,0.9922677515440076,2.0,0.0,2.0,179717.0,1300.0,75.0,140.0,62345.0,138.0,276.0,138.0,0.0,0.24665067684705896
1701266164.7925828,1107.0,19.7,0.85,2.75,0.9922677515440076,2.0,0.0,0.0,0.0,0.0,73.0,0.0,0.0,0.0,0.0,0.0,0.0,0.24665067684705896
1701266165.8347049,1050.0,19.7,0.85,2.75,0.99226306518179,2.0,0.0,1.0,422301.0,3202.0,74.0,356.0,142389.0,336.0,672.0,336.0,0.0,0.24665111654657887
1701266166.7801878,1059.0,19.7,0.85,2.76,0.992260613082692,2.0,0.0,0.0,203213.0,1657.0,72.0,174.0,68005.0,163.0,326.0,163.0,0.0,0.24665152693279743
1701266167.8068044,1107.0,19.7,0.85,2.77,0.9922581545084915,2.0,0.0,3.0,234790.0,1719.0,75.0,182.0,81860.0,179.0,358.0,179.0,0.0,0.2466531391643704
1701266168.830855,1062.0,19.7,0.85,2.82,0.9922563493247074,2.0,0.0,0.0,160298.0,1229.0,74.0,136.0,53600.0,129.0,258.0,129.0,0.0,0.24665349092398633
1701266169.8085437,1031.0,19.7,0.85,2.83,0.992253871015242,2.0,0.0,1.0,220274.0,1697.0,81.0,177.0,74788.0,174.0,348.0,174.0,0.0,0.24666111238233127
1701266170.8524134,1056.0,19.7,0.86,2.83,0.9922520922209632,2.0,0.0,0.0,0.0,0.0,81.0,0.0,0.0,0.0,0.0,0.0,0.0,0.24666105375572864
1701266171.8109014,1133.0,19.7,0.86,2.83,0.9922520922209632,2.0,0.0,0.0,0.0,0.0,81.0,0.0,0.0,0.0,0.0,0.0,0.0,0.24666099512912598
1701266172.873583,1100.0,19.7,0.86,2.83,0.9922520922209632,2.0,0.0,0.0,0.0,0.0,81.0,0.0,0.0,0.0,0.0,0.0,0.0,0.24666096581582464
1701266173.825245,1012.0,19.7,0.86,2.83,0.9922520922209632,2.0,0.0,0.0,0.0,0.0,80.0,0.0,0.0,0.0,0.0,0.0,0.0,0.24666093650252333
1701266174.8212552,1027.0,19.7,0.86,2.83,0.9922520922209632,2.0,0.0,0.0,0.0,0.0,81.0,0.0,0.0,0.0,0.0,0.0,0.0,0.2466606726828114
1701266175.811404,1069.0,19.8,0.87,2.83,0.9922520922209632,2.0,0.0,2.0,189649.0,1264.0,80.0,148.0,65669.0,146.0,292.0,146.0,0.0,0.2466596174039636
1701266176.8099468,1012.0,19.8,0.87,2.84,0.9922396557959022,2.0,0.0,0.0,1075660.0,8447.0,81.0,888.0,359818.0,865.0,1732.0,865.0,0.0,0.24666122963553658
1701266177.8572981,1100.0,19.8,0.87,2.85,0.9922359805046158,2.0,0.0,0.0,301435.0,2540.0,75.0,261.0,102491.0,241.0,480.0,241.0,0.0,0.24666149345524851
1701266178.8710456,1044.0,19.8,0.87,2.87,0.9922339347687609,2.0,0.0,7.0,209697.0,1512.0,75.0,152.0,77963.0,145.0,290.0,145.0,0.0,0.24666172796165914
1701266180.06027,1044.0,19.7,0.87,2.91,0.9922317318425212,2.0,0.0,1.0,183462.0,1502.0,74.0,151.0,62526.0,144.0,288.0,144.0,0.0,0.246662343540987
1701266180.8935366,1025.0,19.7,0.88,2.94,0.9922300415056514,2.0,0.0,1.0,151924.0,1164.0,73.0,120.0,51938.0,119.0,238.0,119.0,0.0,0.2466624607941923
1701266181.9414742,1038.0,19.7,0.88,2.96,0.9922277102207602,2.0,0.0,1.0,198100.0,1594.0,74.0,164.0,67408.0,156.0,312.0,156.0,0.0,0.24666310568682148
1701266182.9480257,1093.0,19.7,0.88,2.96,0.9922255313192164,2.0,0.0,2.0,179756.0,1493.0,74.0,140.0,62384.0,138.0,276.0,138.0,0.0,0.2466635453863414
1701266183.962413,1019.0,19.7,0.88,2.96,0.992223473679663,2.0,0.0,0.0,170163.0,1392.0,73.0,139.0,56941.0,137.0,274.0,137.0,0.0,0.24666360401294404
1701266184.8985565,1050.0,19.7,0.89,2.96,0.9922210717000878,2.0,0.0,1.0,191875.0,1650.0,74.0,159.0,65313.0,151.0,302.0,151.0,0.0,0.24666509899131173
1701266185.8964248,1047.0,19.8,0.89,2.96,0.9922186124542439,2.0,0.0,2.0,213242.0,1695.0,75.0,167.0,73568.0,165.0,330.0,165.0,0.0,0.246665216244517
1701266186.8992076,1087.0,19.7,0.89,2.99,0.992215563815906,2.0,0.0,1.0,266414.0,2091.0,73.0,219.0,90270.0,211.0,422.0,211.0,0.0,0.24666580251054354
1701266187.9923806,1120.0,19.7,0.89,2.99,0.992215563815906,2.0,0.0,0.0,0.0,0.0,73.0,0.0,0.0,0.0,0.0,0.0,0.0,0.2466659783903515
1701266188.8892834,1127.0,19.7,0.89,2.99,0.9922122137669951,2.0,0.0,3.0,288201.0,2312.0,75.0,226.0,99745.0,222.0,444.0,222.0,0.0,0.24667207555702747
1701266189.8790436,1140.0,19.7,0.89,2.99,0.9922122137669951,2.0,0.0,0.0,0.0,0.0,75.0,0.0,0.0,0.0,0.0,0.0,0.0,0.24667207555702747
1701266190.8922086,1160.0,19.7,0.89,3.02,0.9922069854888138,2.0,0.0,0.0,429774.0,3662.0,73.0,370.0,143820.0,345.0,690.0,345.0,0.0,0.24667357053539513
1701266191.9195106,922.2,19.8,0.9,3.03,0.9922045169999438,2.0,0.0,2.0,202422.0,1693.0,74.0,162.0,69942.0,156.0,312.0,156.0,0.0,0.2466733067156832
1701266193.029913,925.0,19.7,0.9,3.07,0.9922022879100041,2.0,0.0,1.0,185550.0,1520.0,74.0,148.0,63232.0,146.0,292.0,146.0,0.0,0.24667348259549116
1701266194.0014725,1038.0,19.7,0.9,3.08,0.9922002672032179,2.0,0.0,0.0,160387.0,1365.0,73.0,137.0,53659.0,129.0,258.0,129.0,0.0,0.24667409817481903
1701266194.973915,1100.0,19.8,0.9,3.08,0.9921982757839902,2.0,0.0,2.0,185913.0,1390.0,74.0,145.0,64411.0,143.0,285.0,143.0,0.0,0.24667488963395484
1701266196.0076265,1038.0,19.7,0.9,3.16,0.9921955443834949,2.0,0.0,0.0,217288.0,1843.0,74.0,177.0,72678.0,175.0,350.0,175.0,0.0,0.24667515345366678
1701266196.9910553,1100.0,19.7,0.9,3.16,0.9921930495004028,2.0,0.0,1.0,210468.0,1706.0,74.0,174.0,71516.0,166.0,332.0,166.0,0.0,0.24667656049213046
1701266198.0844643,1025.0,19.8,0.9,3.16,0.9921909463859999,2.0,0.0,1.0,185496.0,1449.0,74.0,148.0,63178.0,146.0,292.0,146.0,0.0,0.24667629667241853
1701266199.0322597,1133.0,19.8,0.91,3.22,0.9921888537201036,2.0,0.0,2.0,183433.0,1451.0,74.0,143.0,63583.0,141.0,282.0,141.0,0.0,0.2466789055562366
1701266200.023484,982.4,19.8,0.91,3.26,0.9921863112284307,2.0,0.0,1.0,222863.0,1749.0,75.0,183.0,75659.0,176.0,352.0,176.0,0.0,0.24668078160752152
1701266201.0509915,830.0,19.8,0.91,3.26,0.9921845888423743,2.0,0.0,0.0,158969.0,1186.0,75.0,131.0,53173.0,128.0,256.0,128.0,0.0,0.24668069366761752
1701266201.9948099,873.7,19.8,0.91,3.28,0.9921829322911004,2.0,0.0,1.0,158841.0,1172.0,75.0,135.0,54245.0,124.0,248.0,124.0,0.0,0.24668268697210774
1701266203.0414526,927.8,19.8,0.91,3.28,0.9921807712298335,2.0,0.0,2.0,211192.0,1520.0,74.0,171.0,72870.0,163.0,326.0,163.0,0.0,0.24668271628540908
1701266204.029331,1044.0,19.8,0.91,3.3,0.9921778407262762,2.0,0.0,0.0,230299.0,1981.0,74.0,198.0,77045.0,185.0,370.0,185.0,0.0,0.24668441645688602
1701266205.0472453,1100.0,19.8,0.91,3.35,0.9921761938725898,2.0,0.0,1.0,120859.0,1112.0,74.0,95.0,41523.0,94.0,188.0,94.0,0.0,0.24668424057707808
1701266206.0699854,1050.0,19.8,0.91,3.37,0.9921710152346128,2.0,0.0,0.0,0.0,0.0,74.0,0.0,0.0,0.0,0.0,0.0,0.0,0.24668564761554174
1701266207.1590946,1050.0,19.8,0.92,3.37,0.9921710152346128,2.0,0.0,3.0,441000.0,3558.0,75.0,355.0,150810.0,345.0,690.0,345.0,0.0,0.2466857062421444
1701266208.09986,1113.0,19.8,0.92,3.37,0.9921688668435731,2.0,0.0,0.0,175092.0,1455.0,75.0,143.0,58566.0,141.0,282.0,141.0,0.0,0.24668611662836298
1701266209.0630848,1081.0,19.8,0.92,3.38,0.9921669338740136,2.0,0.0,0.0,150247.0,1304.0,73.0,123.0,50241.0,121.0,242.0,121.0,0.0,0.24668611662836298
1701266210.13655,1000.0,19.8,0.92,3.38,0.9921647858580243,2.0,0.0,2.0,194774.0,1501.0,74.0,158.0,67376.0,150.0,300.0,150.0,0.0,0.24668611662836298
1701266211.1003284,481.2,19.8,0.92,3.38,0.9921647858580243,2.0,0.0,0.0,0.0,0.0,72.0,0.0,0.0,0.0,0.0,0.0,0.0,0.2466861459416643
1701266212.037388,280.0,19.7,0.92,3.38,0.9921644929687221,2.0,0.0,4.0,52856.0,269.0,74.0,33.0,22134.0,29.0,58.0,29.0,0.0,0.24668925315160495
1701266213.0374172,846.2,19.7,0.92,3.38,0.992162562795616,2.0,0.0,0.0,156468.0,1309.0,75.0,128.0,52332.0,126.0,252.0,126.0,0.0,0.24669244830144954
1701266214.1238062,1031.0,19.8,0.92,3.38,0.9921601009158556,2.0,0.0,0.0,218972.0,1693.0,75.0,188.0,73242.0,176.0,352.0,176.0,0.0,0.24669385533991323
1701266215.0985887,1100.0,19.8,0.93,3.38,0.9921601009158556,2.0,0.0,0.0,0.0,0.0,75.0,0.0,0.0,0.0,0.0,0.0,0.0,0.24669385533991323
1701266216.060728,1044.0,19.8,0.93,3.38,0.9921601009158556,2.0,0.0,0.0,0.0,0.0,75.0,0.0,0.0,0.0,0.0,0.0,0.0,0.24669385533991323
1701266217.081938,1062.0,19.8,0.93,3.38,0.9921601009158556,2.0,0.0,0.0,0.0,0.0,75.0,0.0,0.0,0.0,0.0,0.0,0.0,0.24669394327981722
1701266218.0590477,1033.0,19.8,0.93,3.39,0.9921509339913531,2.0,0.0,543.0,1095840333.0,4728820.0,77.0,743849.0,654330695.0,50713049.0,1288028.0,644798.0,0.0,0.24669496924536366
1701266219.0717132,927.8,19.8,0.93,3.39,0.9921489020180237,2.0,0.0,0.0,0.0,0.0,78.0,0.0,0.0,0.0,0.0,0.0,0.0,0.246694910618761
1701266220.0721602,1062.0,19.8,0.93,3.39,0.9921489020180237,2.0,0.0,6.0,975540.0,7769.0,77.0,797.0,333124.0,764.0,1528.0,764.0,0.0,0.24669532100497957
1701266221.0933967,1100.0,19.8,0.93,3.39,0.9921407980112994,2.0,0.0,0.0,0.0,0.0,76.0,0.0,0.0,0.0,0.0,0.0,0.0,0.24669658147693663
1701266222.08901,1044.0,19.8,0.93,3.39,0.9921407980112994,2.0,0.0,4.0,884903.0,6994.0,78.0,713.0,300527.0,699.0,1398.0,699.0,0.0,0.2466954675714862
1701266223.1936526,1120.0,19.8,0.93,3.39,0.9921391988349957,2.0,0.0,0.0,144295.0,1121.0,75.0,124.0,48305.0,116.0,232.0,116.0,0.0,0.24669954212037062
1701266224.198324,964.7,19.8,0.93,3.39,0.9921369018916739,2.0,0.0,3.0,193928.0,1600.0,75.0,149.0,68256.0,146.0,292.0,146.0,0.0,0.24670212169088737
1701266225.1533148,1050.0,19.8,0.93,3.44,0.9921347149666466,2.0,0.0,2.0,196098.0,1539.0,74.0,156.0,67838.0,151.0,302.0,151.0,0.0,0.2467012716051489
1701266226.156356,1038.0,19.8,0.94,3.45,0.9921324847138357,2.0,0.0,0.0,188140.0,1523.0,74.0,164.0,62970.0,151.0,302.0,151.0,0.0,0.24670223894409268
1701266227.1788874,875.0,19.8,0.94,3.47,0.9921303630623057,2.0,0.0,2.0,182640.0,1491.0,75.0,148.0,63316.0,140.0,280.0,140.0,0.0,0.24670247345050328
1701266228.1428845,1062.0,19.8,0.94,3.48,0.9921288807304054,2.0,0.0,1.0,131242.0,1033.0,74.0,108.0,45028.0,102.0,204.0,102.0,0.0,0.2467030304032285
1701266229.223099,1087.0,19.8,0.94,3.52,0.9921267590404753,2.0,0.0,1.0,197994.0,1483.0,75.0,162.0,67340.0,156.0,312.0,156.0,0.0,0.24670355804265237
1701266230.1987593,1113.0,19.8,0.94,3.54,0.9921247061022882,2.0,0.0,1.0,185548.0,1426.0,75.0,150.0,63192.0,146.0,292.0,146.0,0.0,0.24670373392246034
1701266231.2185166,1044.0,19.8,0.94,3.58,0.9921217407072072,2.0,0.0,1.0,256228.0,2044.0,73.0,206.0,86798.0,203.0,406.0,203.0,0.0,0.24670408568207625
1701266232.2123027,1038.0,19.8,0.94,3.6,0.992120533317831,2.0,0.0,1.0,104748.0,839.0,74.0,82.0,36150.0,81.0,162.0,81.0,0.0,0.2467041443086789
1701266233.2872686,1094.0,19.8,0.94,3.6,0.9921177667390426,2.0,0.0,1.0,216670.0,1884.0,74.0,179.0,73588.0,171.0,342.0,171.0,0.0,0.2467049064545134
1701266234.2428458,1087.0,19.8,0.94,3.61,0.9921151416264025,2.0,0.0,2.0,235600.0,1835.0,75.0,186.0,81028.0,183.0,366.0,183.0,0.0,0.24670537546733465
1701266235.2167141,1050.0,19.8,0.94,3.65,0.992113468181489,2.0,0.0,0.0,136564.0,1141.0,73.0,111.0,45674.0,110.0,220.0,110.0,0.0,0.24670698769890761
1701266236.340642,1113.0,19.8,0.94,3.68,0.9921107842821154,2.0,0.0,1.0,224091.0,1842.0,75.0,185.0,76053.0,177.0,354.0,177.0,0.0,0.24671000696894427
1701266237.301035,1081.0,19.8,0.95,3.71,0.9921082820913305,2.0,0.0,2.0,238059.0,1764.0,74.0,188.0,81835.0,185.0,370.0,185.0,0.0,0.24671194164683183
1701266238.2552505,1081.0,19.8,0.95,3.73,0.9921067147680429,2.0,0.0,0.0,136894.0,1132.0,75.0,116.0,45794.0,110.0,220.0,110.0,0.0,0.24671211752663977
1701266239.2692723,1075.0,19.8,0.95,3.75,0.9921045337285904,2.0,0.0,1.0,195204.0,1516.0,74.0,171.0,66450.0,153.0,306.0,153.0,0.0,0.2467136711316101
1701266240.3967893,1038.0,19.8,0.95,3.77,0.9921016186351928,2.0,0.0,2.0,240886.0,2014.0,75.0,194.0,82770.0,187.0,374.0,187.0,0.0,0.24671393495132204
1701266241.2626934,1127.0,19.8,0.95,3.78,0.9920978022346816,2.0,0.0,1.0,320960.0,2624.0,75.0,265.0,108434.0,255.0,510.0,255.0,0.0,0.2467147850370605
1701266242.291952,1093.0,19.8,0.95,3.78,0.9920978022346816,2.0,0.0,0.0,0.0,0.0,75.0,0.0,0.0,0.0,0.0,0.0,0.0,0.24671446259074592
1701266243.2614613,1062.0,19.8,0.95,3.78,0.9920978022346816,2.0,0.0,0.0,0.0,0.0,75.0,0.0,0.0,0.0,0.0,0.0,0.0,0.24671452121734858
1701266244.2906828,1062.0,19.8,0.95,3.78,0.9920939636355536,2.0,0.0,0.0,0.0,0.0,76.0,0.0,0.0,0.0,0.0,0.0,0.0,0.24671519542327908
1701266245.2343812,1081.0,19.8,0.96,3.78,0.9920939636355536,2.0,0.0,1.0,336925.0,2658.0,76.0,271.0,113805.0,268.0,536.0,268.0,0.0,0.24671484366366317
1701266246.3076646,1113.0,19.8,0.96,3.78,0.9920939636355536,2.0,0.0,0.0,0.0,0.0,76.0,0.0,0.0,0.0,0.0,0.0,0.0,0.24671525404988173
1701266247.2475045,1031.0,19.8,0.96,3.79,0.9920869661084931,2.0,0.0,3.0,626036.0,4866.0,76.0,506.0,212712.0,494.0,988.0,494.0,0.0,0.24671525404988173
1701266248.3063414,1056.0,19.8,0.96,3.8,0.992085048286582,2.0,0.0,0.0,166630.0,1325.0,74.0,143.0,55742.0,134.0,268.0,134.0,0.0,0.24672032525101126
1701266249.2662497,1093.0,19.8,0.96,3.8,0.9920828656845825,2.0,0.0,4.0,209115.0,1563.0,74.0,156.0,74407.0,155.0,310.0,155.0,0.0,0.2467211167101471
1701266250.3190908,1107.0,19.8,0.96,3.82,0.9920812013579117,2.0,0.0,0.0,146023.0,1230.0,75.0,128.0,48871.0,117.0,234.0,117.0,0.0,0.2467219081692829
1701266251.3140914,1094.0,19.8,0.96,3.82,0.992078554741292,2.0,0.0,1.0,243281.0,1853.0,76.0,207.0,82523.0,192.0,384.0,192.0,0.0,0.24672381353386916
1701266252.3265455,776.2,19.8,0.96,3.82,0.9920764850006797,2.0,0.0,1.0,189579.0,1448.0,76.0,155.0,64543.0,149.0,298.0,149.0,0.0,0.24672214267569353
1701266253.3089118,900.0,19.8,0.96,3.83,0.9920730091901899,2.0,0.0,1.0,297160.0,2401.0,74.0,238.0,100502.0,236.0,472.0,236.0,0.0,0.2467225823752134
1701266254.3357658,922.2,19.8,0.97,3.83,0.9920714474422428,2.0,0.0,2.0,146376.0,1108.0,75.0,119.0,51192.0,111.0,222.0,111.0,0.0,0.24672269962841872
1701266255.3360279,1107.0,19.8,0.97,3.83,0.9920714474422428,2.0,0.0,0.0,0.0,0.0,74.0,0.0,0.0,0.0,0.0,0.0,0.0,0.2467228755082267
1701266256.3222406,1107.0,19.8,0.97,3.83,0.9920688716973719,2.0,0.0,0.0,225984.0,1779.0,74.0,185.0,75562.0,182.0,364.0,182.0,0.0,0.24672422392008772
1701266257.320551,1019.0,19.8,0.97,3.83,0.9920662152085553,2.0,0.0,2.0,255435.0,1881.0,75.0,202.0,87647.0,199.0,398.0,199.0,0.0,0.2467232272678426
1701266258.3566263,750.0,19.8,0.97,3.86,0.9920645570315336,2.0,0.0,1.0,152110.0,1161.0,74.0,126.0,52010.0,119.0,238.0,119.0,0.0,0.24672369628066385
1701266259.4054587,1038.0,19.8,0.97,3.9,0.9920622593627718,2.0,0.0,1.0,204048.0,1601.0,75.0,163.0,69340.0,161.0,322.0,161.0,0.0,0.24672645173098856
1701266260.3440905,790.5,19.8,0.98,3.9,0.9920601962399151,2.0,0.0,1.0,192895.0,1449.0,74.0,154.0,65621.0,152.0,304.0,152.0,0.0,0.24672736044332969
1701266261.427157,922.2,19.8,0.98,3.9,0.9920558573804988,2.0,0.0,2.0,396265.0,3073.0,76.0,328.0,134755.0,312.0,624.0,312.0,0.0,0.2467302331468597
1701266262.355285,976.5,19.8,0.98,3.91,0.9920558573804988,2.0,0.0,0.0,0.0,0.0,75.0,0.0,0.0,0.0,0.0,0.0,0.0,0.24673029177346234
1701266263.3931806,1107.0,19.8,0.98,3.91,0.9920558573804988,2.0,0.0,0.0,0.0,0.0,75.0,0.0,0.0,0.0,0.0,0.0,0.0,0.2467300279537504
1701266264.4002256,1047.0,19.8,0.98,3.93,0.992052051584153,2.0,0.0,1.0,349518.0,2668.0,74.0,300.0,118070.0,277.0,554.0,277.0,0.0,0.24673081941288624
1701266265.411699,1029.0,19.8,0.98,3.93,0.9920497632706943,2.0,0.0,2.0,216906.0,1621.0,75.0,170.0,74754.0,168.0,336.0,168.0,0.0,0.2467315522454194
1701266266.3976188,1062.0,19.8,0.99,3.94,0.992047448997016,2.0,0.0,1.0,200377.0,1608.0,75.0,161.0,68117.0,158.0,316.0,158.0,0.0,0.24673202125824062
1701266267.3599665,1107.0,19.8,0.99,3.94,0.9920459000448908,2.0,0.0,1.0,139558.0,1089.0,74.0,112.0,47794.0,109.0,218.0,109.0,0.0,0.2467323437045552
1701266268.3492506,1031.0,19.8,0.99,3.97,0.9920430057549484,2.0,0.0,1.0,237750.0,1995.0,75.0,195.0,80634.0,188.0,376.0,188.0,0.0,0.24673401456273084
1701266269.3729966,1038.0,19.8,0.99,3.97,0.9920413894337736,2.0,0.0,1.0,155614.0,1145.0,74.0,123.0,53150.0,122.0,244.0,122.0,0.0,0.24673287134397912
1701266270.389017,1038.0,19.8,0.99,3.99,0.9920392298445584,2.0,0.0,1.0,179235.0,1495.0,74.0,143.0,61047.0,141.0,282.0,141.0,0.0,0.2467338386829229
1701266271.3900323,889.5,19.8,0.99,4.03,0.9920369500021149,2.0,0.0,1.0,207974.0,1617.0,75.0,172.0,70674.0,164.0,328.0,164.0,0.0,0.2467338386829229
1701266272.3583412,1012.0,19.8,0.99,4.04,0.9920347859633407,2.0,0.0,1.0,185486.0,1501.0,74.0,149.0,63138.0,146.0,292.0,146.0,0.0,0.2467364768800423
1701266273.3529792,958.8,19.8,0.99,4.07,0.99203305711777,2.0,0.0,0.0,140307.0,1184.0,76.0,114.0,46939.0,113.0,226.0,113.0,0.0,0.2467379132318073
1701266274.4067547,1087.0,19.8,0.99,4.1,0.9920303241366996,2.0,0.0,2.0,242248.0,1916.0,74.0,201.0,83252.0,188.0,376.0,188.0,0.0,0.2467405221156254
1701266275.4151433,1035.0,19.8,0.99,4.11,0.992028575272756,2.0,0.0,1.0,152354.0,1218.0,75.0,126.0,52068.0,119.0,238.0,119.0,0.0,0.24674058074222804
1701266276.5102522,1038.0,19.8,0.99,4.13,0.9920253584612839,2.0,0.0,2.0,289752.0,2279.0,75.0,238.0,99152.0,226.0,452.0,226.0,0.0,0.24674078593533733
1701266277.4642353,1120.0,19.8,0.99,4.14,0.9920253584612839,2.0,0.0,0.0,0.0,0.0,74.0,0.0,0.0,0.0,0.0,0.0,0.0,0.24674040486242008
1701266278.548807,1127.0,19.8,0.99,4.15,0.9920224203078432,2.0,0.0,1.0,272577.0,2067.0,73.0,225.0,92295.0,216.0,432.0,216.0,0.0,0.24674090318854264
1701266279.4968932,1050.0,19.8,1.0,4.16,0.9920195639366269,2.0,0.0,1.0,247765.0,1994.0,74.0,201.0,83961.0,196.0,392.0,196.0,0.0,0.2467414308279665
1701266280.5572658,1025.0,19.8,1.0,4.16,0.9920176410636576,2.0,0.0,2.0,173688.0,1360.0,75.0,141.0,60332.0,133.0,266.0,133.0,0.0,0.24674178258758242
1701266281.500726,1025.0,19.8,1.0,4.16,0.9920155403744381,2.0,0.0,0.0,177525.0,1450.0,74.0,144.0,59377.0,143.0,286.0,143.0,0.0,0.2467430723728408
1701266282.5291016,1038.0,19.8,1.0,4.17,0.9920134139797774,2.0,0.0,1.0,186664.0,1486.0,74.0,149.0,63520.0,147.0,294.0,147.0,0.0,0.24674204640729436
1701266283.5384738,1038.0,19.8,1.0,4.22,0.9920095170124162,2.0,0.0,2.0,346265.0,2732.0,75.0,282.0,118035.0,272.0,544.0,272.0,0.0,0.24674530018374163
1701266284.5184822,1031.0,19.8,1.0,4.23,0.9920095170124162,2.0,0.0,0.0,0.0,0.0,75.0,0.0,0.0,0.0,0.0,0.0,0.0,0.24674386383197663
1701266285.5846717,1125.0,19.8,1.0,4.23,0.9920073766158228,2.0,0.0,1.0,202847.0,1514.0,74.0,162.0,68965.0,160.0,320.0,160.0,0.0,0.2467470296685199
1701266286.491023,1024.0,19.8,1.0,4.23,0.9920052683720774,2.0,0.0,0.0,180028.0,1460.0,74.0,147.0,60198.0,145.0,290.0,145.0,0.0,0.24675004893855657
1701266287.4873881,1050.0,19.8,1.0,4.24,0.9920032828733703,2.0,0.0,2.0,187618.0,1411.0,76.0,157.0,64966.0,144.0,288.0,144.0,0.0,0.24675010756515922
1701266288.5360472,884.2,19.8,1.0,4.25,0.992001161323583,2.0,0.0,1.0,194958.0,1579.0,74.0,164.0,66348.0,153.0,306.0,153.0,0.0,0.24675034207156984
1701266289.5287662,1094.0,19.8,1.0,4.25,0.9919974056122859,2.0,0.0,2.0,334240.0,2639.0,74.0,276.0,114030.0,262.0,524.0,262.0,0.0,0.24675034207156984
1701266290.6666777,1038.0,19.8,1.0,4.25,0.9919974056122859,2.0,0.0,0.0,0.0,0.0,75.0,0.0,0.0,0.0,0.0,0.0,0.0,0.24675034207156984
1701266291.5498314,287.5,19.8,1.0,4.25,0.9919969131820516,2.0,0.0,0.0,0.0,0.0,73.0,0.0,0.0,0.0,0.0,0.0,0.0,0.24674937473262604
1701266292.5494444,0.0,19.8,1.0,4.25,0.9919969131820516,2.0,0.0,2.0,58123.0,380.0,73.0,43.0,21669.0,40.0,80.0,40.0,0.0,0.24674937473262604
1701266293.5504832,46.7,19.8,1.0,4.25,0.9919966203049749,2.0,0.0,3.0,44967.0,256.0,72.0,30.0,18385.0,26.0,52.0,26.0,0.0,0.2467494333592287
1701266294.5515392,6.2,19.8,1.0,4.26,0.9919964797772489,2.0,0.0,0.0,0.0,0.0,78.0,0.0,0.0,0.0,0.0,0.0,0.0,0.246755471899302
1701266295.5527859,175.0,19.8,1.0,4.27,0.9919964797772489,2.0,0.0,1.0,23405.0,122.0,78.0,33.0,8945.0,15.0,30.0,15.0,0.0,0.24675553052590465
1701266296.5539458,160.0,19.8,1.0,4.27,0.9919964797772489,2.0,0.0,0.0,0.0,0.0,78.0,0.0,0.0,0.0,0.0,0.0,0.0,0.24675553052590465
1701266297.5547569,126.7,19.8,1.0,4.27,0.9919964797772489,2.0,0.0,0.0,0.0,0.0,78.0,0.0,0.0,0.0,0.0,0.0,0.0,0.24675553052590465
1701266298.556039,137.5,19.8,1.0,4.27,0.9919964797772489,2.0,0.0,0.0,0.0,0.0,78.0,0.0,0.0,0.0,0.0,0.0,0.0,0.24675553052590465
1701266299.5564115,93.3,19.8,1.0,4.27,0.9919964797772489,2.0,0.0,0.0,0.0,0.0,78.0,0.0,0.0,0.0,0.0,0.0,0.0,0.246755471899302
1701266300.5575242,313.3,19.9,1.0,4.27,0.9919962128106449,2.0,0.0,0.0,26897.0,194.0,72.0,53.0,9033.0,20.0,40.0,20.0,0.0,0.24675450456035822
1701266301.5584505,431.2,19.8,1.0,4.28,0.991992881503402,2.0,0.0,0.0,0.0,0.0,76.0,0.0,0.0,0.0,0.0,0.0,0.0,0.24675646855154712
1701266302.591378,1133.0,19.8,1.0,4.28,0.991992881503402,2.0,0.0,0.0,0.0,0.0,76.0,0.0,0.0,0.0,0.0,0.0,0.0,0.24675646855154712
1701266303.581677,1125.0,19.8,1.01,4.28,0.991992881503402,2.0,0.0,7.0,316246.0,2414.0,76.0,241.0,113572.0,231.0,462.0,231.0,0.0,0.24675646855154712
1701266304.5644338,81.2,19.8,1.01,4.28,0.991992881503402,2.0,0.0,0.0,0.0,0.0,76.0,0.0,0.0,0.0,0.0,0.0,0.0,0.24675646855154712
1701266305.565541,46.7,19.8,1.01,4.28,0.991992881503402,2.0,0.0,0.0,0.0,0.0,76.0,0.0,0.0,0.0,0.0,0.0,0.0,0.24675646855154712
1701266306.57717,0.0,19.8,1.01,4.28,0.991991058969057,2.0,0.0,5.0,178978.0,1341.0,72.0,141.0,65412.0,127.0,254.0,127.0,0.0,0.24675544258600068
1701266307.571347,12.5,19.8,1.01,4.29,0.991990674466479,2.0,0.0,1.0,37774.0,282.0,72.0,29.0,13750.0,27.0,54.0,27.0,0.0,0.246755471899302
1701266308.572372,175.0,19.8,1.01,4.3,0.9919904730382432,2.0,0.0,1.0,23146.0,158.0,73.0,25.0,8860.0,15.0,30.0,15.0,0.0,0.24675550121260334
1701266309.5736969,0.0,19.8,1.01,4.3,0.9919904730382432,2.0,0.0,0.0,0.0,0.0,73.0,0.0,0.0,0.0,0.0,0.0,0.0,0.24675550121260334
1701266310.5755289,180.0,19.8,1.01,4.31,0.9919901688671259,2.0,0.0,2.0,38501.0,245.0,72.0,44.0,15129.0,23.0,46.0,23.0,0.0,0.24676036722062358
1701266311.576525,120.0,19.8,1.01,4.31,0.9919899830183967,2.0,0.0,1.0,22890.0,147.0,73.0,17.0,8778.0,15.0,30.0,15.0,0.0,0.24676142249947133
1701266312.5775347,573.3,19.8,1.01,4.32,0.9919896890677221,2.0,0.0,0.0,22605.0,201.0,73.0,26.0,7563.0,18.0,36.0,18.0,0.0,0.24676142249947133
1701266313.578631,100.0,19.8,1.01,4.32,0.9919896916122221,2.0,0.0,1.0,5501.0,15.0,72.0,3.0,2953.0,1.0,2.0,1.0,0.0,0.2467603965339249
1701266314.589545,93.8,19.8,1.01,4.32,0.9919893246095527,2.0,0.0,2.0,43176.0,288.0,72.0,30.0,16664.0,28.0,56.0,28.0,0.0,0.24676042584722624
1701266315.5823715,218.8,19.8,1.01,4.33,0.9919891660462313,2.0,0.0,1.0,19147.0,127.0,72.0,14.0,7513.0,12.0,24.0,12.0,0.0,0.24676042584722624
1701266316.5836163,0.0,19.8,1.01,4.33,0.9919889152355855,2.0,0.0,1.0,25627.0,191.0,73.0,27.0,9689.0,17.0,34.0,17.0,0.0,0.2467605137871302
1701266317.5847976,0.0,19.8,1.01,4.33,0.9919889152355855,2.0,0.0,0.0,0.0,0.0,73.0,0.0,0.0,0.0,0.0,0.0,0.0,0.2467605137871302
1701266318.586224,50.0,19.8,1.01,4.34,0.9919886020029451,2.0,0.0,2.0,40698.0,254.0,72.0,28.0,15838.0,26.0,52.0,26.0,0.0,0.24676054310043152
1701266319.5872853,0.0,19.8,1.01,4.35,0.9919884292403022,2.0,0.0,1.0,17917.0,134.0,72.0,13.0,7109.0,11.0,22.0,11.0,0.0,0.24676054310043152
1701266320.5883052,86.7,19.8,1.01,4.35,0.9919883601048719,2.0,0.0,1.0,11921.0,65.0,73.0,15.0,5099.0,6.0,12.0,6.0,0.0,0.24676121730636205
1701266321.5892942,118.8,19.8,1.01,4.36,0.9919882687934356,2.0,0.0,1.0,14187.0,81.0,73.0,10.0,5857.0,8.0,16.0,8.0,0.0,0.24676244846501777
1701266322.590459,18.8,19.8,1.01,4.36,0.9919879939303111,2.0,0.0,1.0,25842.0,206.0,73.0,30.0,9754.0,17.0,34.0,17.0,0.0,0.24676247777831908
1701266323.5914996,0.0,19.8,1.01,4.36,0.9919879939303111,2.0,0.0,0.0,0.0,0.0,73.0,0.0,0.0,0.0,0.0,0.0,0.0,0.24676247777831908
1701266324.5925531,460.0,19.8,1.01,4.36,0.9919877140492914,2.0,0.0,0.0,0.0,0.0,74.0,0.0,0.0,0.0,0.0,0.0,0.0,0.24676362099707083
1701266325.5936875,0.0,19.8,1.01,4.36,0.9919877140492914,2.0,0.0,2.0,29614.0,221.0,74.0,21.0,12128.0,17.0,34.0,17.0,0.0,0.24676362099707083
1701266326.594631,25.0,19.8,1.01,4.37,0.9919873646507935,2.0,0.0,2.0,38846.0,272.0,73.0,38.0,15224.0,24.0,48.0,24.0,0.0,0.24676362099707083
1701266327.5957892,46.7,19.8,1.02,4.37,0.9919872202194574,2.0,0.0,1.0,18004.0,117.0,74.0,15.0,7136.0,11.0,22.0,11.0,0.0,0.24676362099707083
1701266328.5969145,0.0,19.8,1.02,4.37,0.9919872202194574,2.0,0.0,0.0,0.0,0.0,74.0,0.0,0.0,0.0,0.0,0.0,0.0,0.24676362099707083
1701266329.5979013,0.0,19.8,1.02,4.38,0.9919872527598464,2.0,0.0,2.0,9841.0,12.0,73.0,9.0,5517.0,1.0,2.0,1.0,0.0,0.2467646762759186
1701266330.6638916,1133.0,19.8,1.02,4.41,0.9919872527598464,2.0,0.0,0.0,0.0,0.0,83.0,0.0,0.0,0.0,0.0,0.0,0.0,0.24677358751952191
1701266331.6013849,256.2,19.8,1.02,4.41,0.9919872527598464,2.0,0.0,0.0,0.0,0.0,82.0,0.0,0.0,0.0,0.0,0.0,0.0,0.24677361683282326
1701266332.601439,262.5,19.8,1.02,4.41,0.9919872527598464,2.0,0.0,0.0,0.0,0.0,83.0,0.0,0.0,0.0,0.0,0.0,0.0,0.24677385133923388
1701266333.681139,1056.0,19.8,1.02,4.41,0.9919872527598464,2.0,0.0,0.0,0.0,0.0,83.0,0.0,0.0,0.0,0.0,0.0,0.0,0.24677393927913785
1701266334.624762,982.4,19.8,1.02,4.41,0.9919872527598464,2.0,0.0,0.0,0.0,0.0,83.0,0.0,0.0,0.0,0.0,0.0,0.0,0.24677402721904182
1701266335.6279738,1081.0,19.8,1.02,4.41,0.9919872527598464,2.0,0.0,0.0,0.0,0.0,82.0,0.0,0.0,0.0,0.0,0.0,0.0,0.24677414447224713
1701266336.6114547,693.8,19.9,1.02,4.41,0.9919872527598464,2.0,0.0,0.0,0.0,0.0,82.0,0.0,0.0,0.0,0.0,0.0,0.0,0.24677426172545244
1701266337.6125007,268.8,19.9,1.02,4.41,0.9919872527598464,2.0,0.0,0.0,0.0,0.0,82.0,0.0,0.0,0.0,0.0,0.0,0.0,0.2467744376052604
1701266338.613538,187.5,19.9,1.02,4.41,0.9919872527598464,2.0,0.0,0.0,0.0,0.0,82.0,0.0,0.0,0.0,0.0,0.0,0.0,0.24677461348506835
1701266339.6154423,713.3,19.9,1.02,4.41,0.9919872527598464,2.0,0.0,0.0,0.0,0.0,82.0,0.0,0.0,0.0,0.0,0.0,0.0,0.246774672111671
1701266340.6165452,481.2,19.9,1.02,4.41,0.9919872527598464,2.0,0.0,0.0,0.0,0.0,82.0,0.0,0.0,0.0,0.0,0.0,0.0,0.24677470142497235
1701266341.6200774,306.7,19.9,1.02,4.41,0.9919872527598464,2.0,0.0,0.0,0.0,0.0,82.0,0.0,0.0,0.0,0.0,0.0,0.0,0.2467795967462939
1701266342.6188793,586.7,19.9,1.02,4.41,0.9919872527598464,2.0,0.0,0.0,0.0,0.0,82.0,0.0,0.0,0.0,0.0,0.0,0.0,0.24677977262610187
1701266343.6199222,537.5,19.9,1.02,4.41,0.9919872527598464,2.0,0.0,0.0,0.0,0.0,82.0,0.0,0.0,0.0,0.0,0.0,0.0,0.24677997781921115
1701266344.6209633,262.5,19.9,1.02,4.41,0.9919872527598464,2.0,0.0,0.0,0.0,0.0,82.0,0.0,0.0,0.0,0.0,0.0,0.0,0.24677997781921115
1701266345.6219485,500.0,19.9,1.03,4.41,0.9919872527598464,2.0,0.0,0.0,0.0,0.0,82.0,0.0,0.0,0.0,0.0,0.0,0.0,0.24677997781921115
1701266346.6223826,326.7,19.9,1.03,4.41,0.9919872527598464,2.0,0.0,0.0,0.0,0.0,82.0,0.0,0.0,0.0,0.0,0.0,0.0,0.24678015369901912
1701266347.6234066,325.0,19.9,1.03,4.41,0.9919872527598464,2.0,0.0,0.0,0.0,0.0,82.0,0.0,0.0,0.0,0.0,0.0,0.0,0.2467802709522244
1701266348.6244237,218.8,19.9,1.03,4.41,0.9919872527598464,2.0,0.0,0.0,0.0,0.0,82.0,0.0,0.0,0.0,0.0,0.0,0.0,0.24678050545863503
1701266349.6254299,386.7,19.9,1.03,4.41,0.9919872527598464,2.0,0.0,0.0,0.0,0.0,82.0,0.0,0.0,0.0,0.0,0.0,0.0,0.24678076927834697
1701266350.6263664,275.0,19.9,1.03,4.41,0.9919872527598464,2.0,0.0,0.0,0.0,0.0,82.0,0.0,0.0,0.0,0.0,0.0,0.0,0.24678076927834697
1701266351.6274083,460.0,19.9,1.03,4.41,0.9919872527598464,2.0,0.0,0.0,0.0,0.0,82.0,0.0,0.0,0.0,0.0,0.0,0.0,0.24678534215335393
1701266352.629447,593.8,19.9,1.03,4.41,0.9919872527598464,2.0,0.0,0.0,0.0,0.0,82.0,0.0,0.0,0.0,0.0,0.0,0.0,0.24678598704598312
1701266353.6304626,368.8,19.9,1.03,4.41,0.9919872527598464,2.0,0.0,0.0,0.0,0.0,82.0,0.0,0.0,0.0,0.0,0.0,0.0,0.24678616292579109
1701266354.6315024,400.0,19.9,1.03,4.41,0.9919872527598464,2.0,0.0,0.0,0.0,0.0,82.0,0.0,0.0,0.0,0.0,0.0,0.0,0.2467862801789964
1701266355.6324332,220.0,19.9,1.03,4.41,0.9919872527598464,2.0,1.0,0.0,0.0,0.0,82.0,0.0,0.0,0.0,0.0,0.0,0.0,0.24678633880559905
1701266356.6334152,187.5,19.9,1.03,4.41,0.9919872527598464,2.0,1.0,0.0,0.0,0.0,82.0,0.0,0.0,0.0,0.0,0.0,0.0,0.24678633880559905
1701266357.6352994,626.7,19.9,1.03,4.41,0.9919872527598464,2.0,1.0,0.0,0.0,0.0,82.0,0.0,0.0,0.0,0.0,0.0,0.0,0.24678636811890037
1701266358.6354184,326.7,19.9,1.03,4.41,0.9919872527598464,2.0,1.0,0.0,0.0,0.0,82.0,0.0,0.0,0.0,0.0,0.0,0.0,0.24678636811890037
1701266359.6364229,520.0,19.9,1.04,4.41,0.9919872527598464,2.0,1.0,0.0,0.0,0.0,82.0,0.0,0.0,0.0,0.0,0.0,0.0,0.24678651468540702
1701266360.6383564,446.7,19.9,1.04,4.41,0.9919872527598464,2.0,1.0,0.0,0.0,0.0,82.0,0.0,0.0,0.0,0.0,0.0,0.0,0.2467867198785163
1701266361.6393514,143.8,19.9,1.04,4.41,0.9919872527598464,2.0,1.0,0.0,0.0,0.0,82.0,0.0,0.0,0.0,0.0,0.0,0.0,0.2467882441701853
1701266362.6404154,168.8,19.9,1.04,4.41,0.9919872527598464,2.0,1.0,0.0,0.0,0.0,82.0,0.0,0.0,0.0,0.0,0.0,0.0,0.24679179107964583
1701266363.6414137,343.8,19.9,1.04,4.41,0.9919872527598464,2.0,1.0,0.0,0.0,0.0,82.0,0.0,0.0,0.0,0.0,0.0,0.0,0.24679182039294714
1701266364.642996,312.5,19.9,1.04,4.41,0.9919872527598464,2.0,1.0,0.0,0.0,0.0,82.0,0.0,0.0,0.0,0.0,0.0,0.0,0.2467918790195498
1701266365.6434624,343.8,19.9,1.04,4.41,0.9919872527598464,2.0,1.0,0.0,0.0,0.0,82.0,0.0,0.0,0.0,0.0,0.0,0.0,0.2467922894057684
1701266366.6444495,80.0,19.9,1.04,4.41,0.9919872527598464,2.0,1.0,0.0,0.0,0.0,82.0,0.0,0.0,0.0,0.0,0.0,0.0,0.24679272910528827
1701266367.6455305,0.0,19.9,1.04,4.41,0.9919872527598464,2.0,1.0,0.0,0.0,0.0,82.0,0.0,0.0,0.0,0.0,0.0,0.0,0.24679287567179492
1701266368.6465545,393.3,19.9,1.04,4.41,0.9919872527598464,2.0,1.0,0.0,0.0,0.0,82.0,0.0,0.0,0.0,0.0,0.0,0.0,0.24679311017820552
1701266369.6464388,253.3,19.9,1.04,4.41,0.9919872527598464,2.0,1.0,0.0,0.0,0.0,82.0,0.0,0.0,0.0,0.0,0.0,0.0,0.24679311017820552
1701266370.6595619,768.8,19.9,1.04,4.41,0.9919872527598464,2.0,1.0,0.0,0.0,0.0,82.0,0.0,0.0,0.0,0.0,0.0,0.0,0.24679313949150686
1701266371.6501856,212.5,19.9,1.04,4.41,0.9919872527598464,2.0,1.0,0.0,0.0,0.0,83.0,0.0,0.0,0.0,0.0,0.0,0.0,0.2467934033112188
1701266372.6512346,356.2,19.9,1.04,4.41,0.9919872527598464,2.0,1.0,0.0,0.0,0.0,83.0,0.0,0.0,0.0,0.0,0.0,0.0,0.24679826931923904
1701266373.6513968,181.2,19.9,1.04,4.41,0.9919872527598464,2.0,1.0,0.0,0.0,0.0,83.0,0.0,0.0,0.0,0.0,0.0,0.0,0.24679844519904698
1701266374.652372,562.5,19.9,1.04,4.41,0.9919872527598464,2.0,1.0,0.0,0.0,0.0,83.0,0.0,0.0,0.0,0.0,0.0,0.0,0.24679853313895098
1701266375.6584194,593.8,19.9,1.04,4.41,0.9919872527598464,2.0,1.0,0.0,0.0,0.0,83.0,0.0,0.0,0.0,0.0,0.0,0.0,0.24679870901875892
1701266376.6862435,1000.0,19.9,1.04,4.41,0.9919872527598464,2.0,1.0,0.0,0.0,0.0,83.0,0.0,0.0,0.0,0.0,0.0,0.0,0.24679873833206026
1701266377.662342,550.0,19.9,1.05,4.41,0.9919872527598464,2.0,1.0,0.0,0.0,0.0,83.0,0.0,0.0,0.0,0.0,0.0,0.0,0.2467987969586629
1701266378.663391,525.0,19.9,1.05,4.41,0.9919872527598464,2.0,1.0,0.0,0.0,0.0,83.0,0.0,0.0,0.0,0.0,0.0,0.0,0.2467987969586629
1701266379.6650589,666.7,19.9,1.05,4.41,0.9919872527598464,2.0,1.0,0.0,0.0,0.0,83.0,0.0,0.0,0.0,0.0,0.0,0.0,0.24679885558526557
1701266380.665929,380.0,19.9,1.05,4.41,0.9919872527598464,2.0,0.0,0.0,0.0,0.0,83.0,0.0,0.0,0.0,0.0,0.0,0.0,0.24679794687292445
1701266381.666429,413.3,19.9,1.05,4.41,0.9919859183918129,2.0,0.0,0.0,0.0,0.0,83.0,0.0,0.0,0.0,0.0,0.0,0.0,0.24679794687292445
1701266382.6791632,786.7,20.0,1.05,4.41,0.9919859183918129,2.0,0.0,0.0,0.0,0.0,82.0,0.0,0.0,0.0,0.0,0.0,0.0,0.24679797618622576
1701266383.6695356,231.2,20.0,1.05,4.41,0.9919859183918129,2.0,0.0,0.0,0.0,0.0,83.0,0.0,0.0,0.0,0.0,0.0,0.0,0.24679797618622576
1701266384.6704273,262.5,20.0,1.05,4.41,0.9919859183918129,2.0,0.0,0.0,0.0,0.0,83.0,0.0,0.0,0.0,0.0,0.0,0.0,0.24679794687292445
1701266385.6714108,350.0,19.9,1.05,4.41,0.9919859183918129,2.0,0.0,0.0,0.0,0.0,82.0,0.0,0.0,0.0,0.0,0.0,0.0,0.24679797618622576
1701266386.6723864,475.0,20.0,1.05,4.41,0.9919859183918129,2.0,0.0,0.0,0.0,0.0,82.0,0.0,0.0,0.0,0.0,0.0,0.0,0.24679797618622576
1701266387.6853724,206.7,20.0,1.05,4.41,0.9919859183918129,2.0,0.0,0.0,0.0,0.0,83.0,0.0,0.0,0.0,0.0,0.0,0.0,0.24679794687292445
1701266388.6864316,6.7,20.0,1.05,4.41,0.9919859183918129,2.0,0.0,0.0,0.0,0.0,83.0,0.0,0.0,0.0,0.0,0.0,0.0,0.24679797618622576
1701266389.687438,13.3,20.0,1.05,4.41,0.9919859183918129,2.0,0.0,1.0,104728.0,948.0,83.0,101.0,36182.0,80.0,160.0,80.0,0.0,0.24679794687292445
1701266390.6886206,40.0,20.0,1.05,4.41,0.9919859183918129,2.0,0.0,0.0,0.0,0.0,83.0,0.0,0.0,0.0,0.0,0.0,0.0,0.24679794687292445
1701266391.6893244,125.0,19.8,1.05,4.44,0.9919719960338351,2.0,0.0,0.0,0.0,0.0,75.0,0.0,0.0,0.0,0.0,0.0,0.0,0.2468039267863951
1701266392.6894562,118.8,19.8,1.05,4.44,0.9919719960338351,2.0,0.0,0.0,0.0,0.0,75.0,0.0,0.0,0.0,0.0,0.0,0.0,0.24680389747309375
1701266393.689571,112.5,19.8,1.05,4.44,0.9919719960338351,2.0,0.0,17.0,1223349.0,9874.0,75.0,1012.0,428189.0,925.0,1850.0,925.0,0.0,0.2468039267863951
1701266394.690573,0.0,19.8,1.05,4.44,0.9919720434663901,2.0,0.0,3.0,18921.0,25.0,73.0,23.0,9701.0,4.0,8.0,4.0,0.0,0.24680293013414997
1701266395.691605,6.2,19.8,1.05,4.44,0.9919720695268177,2.0,0.0,1.0,4433.0,1.0,74.0,8.0,2597.0,0.0,0.0,0.0,0.0,0.24680298876075263
1701266396.6926823,656.2,19.8,1.05,4.44,0.9919715426085094,2.0,0.0,0.0,57299.0,383.0,74.0,48.0,19243.0,46.0,92.0,46.0,0.0,0.24680298876075263
1701266397.6937225,40.0,19.8,1.05,4.44,0.9919715327901332,2.0,0.0,2.0,12154.0,40.0,73.0,5.0,6292.0,3.0,6.0,3.0,0.0,0.24680401472629906
1701266398.694818,0.0,19.8,1.05,4.45,0.9919711196125605,2.0,0.0,1.0,44203.0,308.0,74.0,40.0,15935.0,32.0,64.0,32.0,0.0,0.24680419060610703
1701266399.6958477,73.3,19.8,1.06,4.45,0.9919709717503731,2.0,0.0,0.0,13775.0,105.0,74.0,13.0,4629.0,11.0,22.0,11.0,0.0,0.2468031646405606
1701266400.6969929,13.3,19.8,1.06,4.45,0.9919709972006414,2.0,0.0,1.0,4259.0,0.0,73.0,2.0,2537.0,0.0,0.0,0.0,0.0,0.2468031646405606
1701266401.6980217,6.2,19.8,1.06,4.45,0.9919707736416851,2.0,0.0,2.0,32289.0,191.0,74.0,23.0,13055.0,19.0,38.0,19.0,0.0,0.2468031646405606
1701266402.6994114,87.5,19.8,1.06,4.45,0.9919707415482281,2.0,0.0,1.0,9237.0,40.0,73.0,6.0,4211.0,4.0,8.0,4.0,0.0,0.24680401472629906
1701266403.7005315,13.3,19.8,1.06,4.46,0.9919704410859597,2.0,0.0,1.0,38290.0,236.0,73.0,39.0,13972.0,27.0,54.0,27.0,0.0,0.2468040440396004
1701266404.7015178,68.8,19.8,1.06,4.46,0.9919703928525032,2.0,0.0,1.0,11724.0,53.0,75.0,8.0,5046.0,6.0,12.0,6.0,0.0,0.2468084117214981
1701266405.7027466,0.0,19.8,1.06,4.46,0.9919703487932636,2.0,0.0,0.0,2583.0,30.0,73.0,4.0,871.0,2.0,4.0,2.0,0.0,0.2468084117214981
1701266406.7036579,37.5,19.8,1.06,4.46,0.9919701084949714,2.0,0.0,2.0,34729.0,204.0,73.0,43.0,13901.0,20.0,40.0,20.0,0.0,0.2468084410347994
1701266407.7047012,0.0,19.8,1.06,4.46,0.9919701130834087,2.0,0.0,1.0,5504.0,14.0,73.0,3.0,2956.0,1.0,2.0,1.0,0.0,0.2468084410347994
1701266408.705475,62.5,19.8,1.06,4.48,0.9919697308013476,2.0,0.0,1.0,37819.0,281.0,73.0,29.0,13795.0,27.0,54.0,27.0,0.0,0.24680849966140206
1701266409.7065127,6.7,19.8,1.06,4.48,0.9919695485763734,2.0,0.0,1.0,20617.0,144.0,73.0,21.0,8043.0,13.0,26.0,13.0,0.0,0.24680849966140206
1701266410.70758,33.3,19.8,1.06,4.48,0.9919695740294023,2.0,0.0,1.0,4259.0,0.0,73.0,2.0,2537.0,0.0,0.0,0.0,0.0,0.24680858760130603
1701266411.7086937,66.7,19.8,1.06,4.48,0.9919693374777775,2.0,0.0,1.0,29133.0,185.0,73.0,22.0,10891.0,20.0,40.0,20.0,0.0,0.24680867554121003
1701266412.7096689,31.2,19.8,1.06,4.48,0.9919692581517807,2.0,0.0,1.0,13235.0,75.0,74.0,17.0,5557.0,7.0,14.0,7.0,0.0,0.2468087927944153
1701266413.7107618,18.8,19.8,1.06,4.49,0.9919692581517807,2.0,0.0,0.0,0.0,0.0,74.0,0.0,0.0,0.0,0.0,0.0,0.0,0.2468087927944153
1701266414.7117193,93.8,19.8,1.06,4.49,0.9919689657511439,2.0,0.0,2.0,37036.0,236.0,75.0,25.0,14654.0,23.0,46.0,23.0,0.0,0.2468137174290382
1701266415.7128975,6.2,19.8,1.06,4.49,0.9919689675093616,2.0,0.0,0.0,266.0,2.0,75.0,8.0,92.0,0.0,0.0,0.0,0.0,0.2468137174290382
1701266416.7139122,13.3,19.8,1.06,4.5,0.99196865747779,2.0,0.0,0.0,0.0,0.0,74.0,0.0,0.0,0.0,0.0,0.0,0.0,0.24681377605564087
1701266417.7150187,0.0,19.8,1.06,4.5,0.99196865747779,2.0,0.0,2.0,37415.0,250.0,74.0,45.0,14809.0,22.0,44.0,22.0,0.0,0.24681377605564087
1701266418.7160652,60.0,19.8,1.06,4.51,0.9919683201856371,2.0,0.0,2.0,38469.0,268.0,74.0,32.0,15147.0,24.0,48.0,24.0,0.0,0.24681383468224352
1701266419.7173188,0.0,19.8,1.06,4.51,0.9919683201856371,2.0,0.0,0.0,0.0,0.0,74.0,0.0,0.0,0.0,0.0,0.0,0.0,0.24681383468224352
1701266420.718128,40.0,19.8,1.06,4.51,0.9919679870916667,2.0,0.0,2.0,39609.0,265.0,73.0,29.0,15515.0,25.0,50.0,25.0,0.0,0.24681389330884618
1701266421.7192345,50.0,19.8,1.06,4.51,0.9919678748944869,2.0,0.0,1.0,15651.0,99.0,74.0,17.0,6381.0,9.0,18.0,9.0,0.0,0.2468149192743926
1701266422.7203448,0.0,19.8,1.06,4.51,0.9919678760400964,2.0,0.0,0.0,92.0,0.0,73.0,2.0,32.0,0.0,0.0,0.0,0.0,0.24681389330884618
1701266423.7213628,6.7,19.8,1.06,4.53,0.9919677378290082,2.0,0.0,2.0,27097.0,135.0,74.0,17.0,11323.0,15.0,30.0,15.0,0.0,0.24681395193544883
1701266424.7224035,0.0,19.8,1.06,4.53,0.9919677378290082,2.0,0.0,0.0,0.0,0.0,74.0,0.0,0.0,0.0,0.0,0.0,0.0,0.24681395193544883
1701266425.7235634,137.5,19.8,1.06,4.53,0.991967602145182,2.0,0.0,2.0,27375.0,135.0,73.0,25.0,11427.0,15.0,30.0,15.0,0.0,0.24681659013256824
1701266426.7248168,87.5,19.8,1.06,4.54,0.9919676319046485,2.0,0.0,1.0,5791.0,1.0,73.0,21.0,3079.0,0.0,0.0,0.0,0.0,0.24681890588337305
1701266427.7256343,0.0,19.8,1.06,4.54,0.9919673111538594,2.0,0.0,1.0,31637.0,239.0,73.0,24.0,11743.0,22.0,44.0,22.0,0.0,0.24681893519667436
1701266428.7269988,66.7,19.8,1.06,4.54,0.9919671024591644,2.0,0.0,0.0,0.0,0.0,75.0,0.0,0.0,0.0,0.0,0.0,0.0,0.24681916970308498
1701266429.72825,0.0,19.8,1.06,4.54,0.9919671024591644,2.0,0.0,0.0,0.0,0.0,75.0,0.0,0.0,0.0,0.0,0.0,0.0,0.24681916970308498
1701266430.7293036,0.0,19.8,1.06,4.54,0.9919671024591644,2.0,0.0,1.0,21944.0,161.0,75.0,24.0,8484.0,14.0,28.0,14.0,0.0,0.24681916970308498
1701266431.7299862,75.0,19.8,1.06,4.54,0.9919669908855576,2.0,0.0,3.0,31526.0,134.0,75.0,25.0,13916.0,15.0,30.0,15.0,0.0,0.24682025429523408
1701266432.731116,37.5,19.8,1.06,4.54,0.9919669920312294,2.0,0.0,0.0,92.0,0.0,73.0,2.0,32.0,0.0,0.0,0.0,0.0,0.24681922832968764
1701266433.7321107,112.5,19.8,1.06,4.56,0.9919667203429711,2.0,0.0,2.0,30806.0,217.0,74.0,20.0,12554.0,18.0,36.0,18.0,0.0,0.24682025429523408
1701266434.7333834,50.0,19.8,1.06,4.56,0.9919667214886687,2.0,0.0,0.0,92.0,0.0,74.0,2.0,32.0,0.0,0.0,0.0,0.0,0.24681922832968764
1701266435.7334716,0.0,19.8,1.06,4.56,0.9919667469470498,2.0,0.0,1.0,4259.0,0.0,74.0,2.0,2537.0,0.0,0.0,0.0,0.0,0.24681922832968764
1701266436.7395113,80.0,19.8,1.06,4.56,0.9919667770375624,2.0,0.0,2.0,9938.0,13.0,73.0,7.0,5548.0,1.0,2.0,1.0,0.0,0.24682010772872745
1701266437.7405303,6.2,19.8,1.06,4.57,0.9919666082023291,2.0,0.0,1.0,23109.0,140.0,74.0,23.0,8883.0,15.0,30.0,15.0,0.0,0.2468241236510092
1701266438.74154,381.2,19.8,1.06,4.58,0.9919664476936352,2.0,0.0,1.0,19184.0,131.0,73.0,28.0,7566.0,11.0,22.0,11.0,0.0,0.24682415296431054
1701266439.7425783,0.0,19.8,1.06,4.58,0.9919663930366668,2.0,0.0,1.0,12970.0,58.0,73.0,9.0,5466.0,7.0,14.0,7.0,0.0,0.2468252082431583
1701266440.744655,240.0,19.8,1.06,4.58,0.9919661680470163,2.0,0.0,1.0,26922.0,177.0,74.0,28.0,10158.0,18.0,36.0,18.0,0.0,0.24682429953081717
1701266441.7458072,0.0,19.8,1.06,4.58,0.9919661680470163,2.0,0.0,0.0,0.0,0.0,74.0,0.0,0.0,0.0,0.0,0.0,0.0,0.24682429953081717
1701266442.747043,493.3,19.8,1.06,4.59,0.991965942619273,2.0,0.0,0.0,0.0,0.0,74.0,0.0,0.0,0.0,0.0,0.0,0.0,0.2468253254963636
1701266443.7482517,0.0,19.8,1.06,4.59,0.991965942619273,2.0,0.0,2.0,28601.0,188.0,74.0,26.0,11827.0,16.0,32.0,16.0,0.0,0.2468253254963636
1701266444.7491002,0.0,19.8,1.06,4.59,0.9919659923926086,2.0,0.0,2.0,8426.0,0.0,73.0,2.0,5042.0,0.0,0.0,0.0,0.0,0.24682447541062513
1701266445.7495344,0.0,19.8,1.06,4.59,0.9919658839842015,2.0,0.0,1.0,16696.0,94.0,74.0,12.0,6714.0,10.0,20.0,10.0,0.0,0.24682459266383042
1701266446.7505898,93.8,19.8,1.06,4.59,0.9919655147158898,2.0,0.0,0.0,0.0,0.0,76.0,0.0,0.0,0.0,0.0,0.0,0.0,0.24682755330726444
1701266447.7516851,25.0,19.8,1.06,4.59,0.9919655147158898,2.0,0.0,1.0,33960.0,272.0,76.0,45.0,12526.0,23.0,46.0,23.0,0.0,0.24682755330726444
1701266448.7528524,20.0,19.8,1.06,4.6,0.9919655147158898,2.0,0.0,0.0,0.0,0.0,76.0,0.0,0.0,0.0,0.0,0.0,0.0,0.24682755330726444
1701266449.7538974,200.0,19.8,1.06,4.61,0.9919652559595139,2.0,0.0,3.0,41050.0,237.0,74.0,41.0,17148.0,22.0,44.0,22.0,0.0,0.24682963455165863
1701266450.7550771,20.0,19.8,1.06,4.61,0.9919652559595139,2.0,0.0,0.0,0.0,0.0,74.0,0.0,0.0,0.0,0.0,0.0,0.0,0.24682963455165863
1701266451.7560437,46.7,19.8,1.06,4.61,0.9919650900395582,2.0,0.0,2.0,26105.0,149.0,74.0,24.0,10983.0,14.0,28.0,14.0,0.0,0.24682966386495994
1701266452.7572079,0.0,19.8,1.06,4.62,0.9919650900395582,2.0,0.0,0.0,0.0,0.0,74.0,0.0,0.0,0.0,0.0,0.0,0.0,0.24682966386495994
1701266453.7581,33.3,19.8,1.06,4.62,0.9919648187746268,2.0,0.0,2.0,30815.0,217.0,74.0,20.0,12563.0,18.0,36.0,18.0,0.0,0.24682975180486394
1701266454.7593017,6.2,19.8,1.06,4.62,0.9919648187746268,2.0,0.0,0.0,0.0,0.0,74.0,0.0,0.0,0.0,0.0,0.0,0.0,0.24682975180486394
1701266455.7594655,31.2,19.8,1.06,4.63,0.9919648703106699,2.0,0.0,2.0,8692.0,0.0,73.0,10.0,5134.0,0.0,0.0,0.0,0.0,0.2468298104314666
1701266456.7606316,6.7,19.8,1.06,4.63,0.991964692237958,2.0,0.0,1.0,22928.0,144.0,74.0,17.0,8816.0,15.0,30.0,15.0,0.0,0.24683086571031435
1701266457.7616513,86.7,19.8,1.06,4.63,0.9919646933838049,2.0,0.0,0.0,92.0,0.0,74.0,2.0,32.0,0.0,0.0,0.0,0.0,0.24682989837137057
1701266458.7628076,0.0,19.8,1.06,4.64,0.99196457247409,2.0,0.0,1.0,19378.0,106.0,74.0,20.0,7630.0,12.0,24.0,12.0,0.0,0.24682992768467188
1701266459.7637565,206.7,19.8,1.06,4.64,0.9919643035256738,2.0,0.0,2.0,29040.0,213.0,75.0,27.0,11990.0,16.0,32.0,16.0,0.0,0.24683385566704968
1701266460.7650175,53.3,19.8,1.06,4.64,0.9919643046715559,2.0,0.0,0.0,138.0,0.0,74.0,3.0,48.0,0.0,0.0,0.0,0.0,0.24683282970150325
1701266461.7659287,0.0,19.8,1.06,4.65,0.9919642040935598,2.0,0.0,0.0,0.0,0.0,75.0,0.0,0.0,0.0,0.0,0.0,0.0,0.2468340022335563
1701266462.7669706,0.0,19.8,1.06,4.65,0.9919642040935598,2.0,0.0,2.0,22615.0,107.0,75.0,23.0,9815.0,11.0,22.0,11.0,0.0,0.24683423673996693
1701266463.7680206,0.0,19.8,1.06,4.65,0.991964068222503,2.0,0.0,0.0,0.0,0.0,74.0,0.0,0.0,0.0,0.0,0.0,0.0,0.24683590759814256
1701266464.769153,6.2,19.8,1.06,4.65,0.991964068222503,2.0,0.0,2.0,25680.0,136.0,74.0,32.0,10874.0,13.0,26.0,13.0,0.0,0.24683590759814256
1701266465.7701569,225.0,19.8,1.06,4.65,0.9919638824729908,2.0,0.0,2.0,28335.0,165.0,73.0,18.0,11735.0,16.0,32.0,16.0,0.0,0.24683491094589743
1701266466.7713227,0.0,19.8,1.06,4.65,0.991963907936018,2.0,0.0,1.0,4259.0,0.0,73.0,2.0,2537.0,0.0,0.0,0.0,0.0,0.24683502819910275
1701266467.7723181,50.0,19.8,1.06,4.65,0.9919634694188556,2.0,0.0,1.0,36777.0,316.0,74.0,34.0,13465.0,26.0,52.0,26.0,0.0,0.24683502819910275
1701266468.7734249,231.2,19.8,1.06,4.67,0.9919633306026153,2.0,0.0,1.0,16748.0,113.0,75.0,13.0,6736.0,10.0,20.0,10.0,0.0,0.24683611279125184
1701266469.774798,53.3,19.8,1.06,4.67,0.9919633306026153,2.0,0.0,0.0,0.0,0.0,75.0,0.0,0.0,0.0,0.0,0.0,0.0,0.24683611279125184
1701266470.7755888,6.7,19.8,1.06,4.67,0.9919633329345154,2.0,0.0,0.0,312.0,0.0,75.0,9.0,108.0,0.0,0.0,0.0,0.0,0.2468350868257054
1701266471.7766342,0.0,19.8,1.06,4.67,0.9919632498497677,2.0,0.0,3.0,29527.0,117.0,77.0,45.0,13285.0,12.0,24.0,12.0,0.0,0.2468410081125734
1701266472.7777114,0.0,19.8,1.06,4.67,0.9919632498497677,2.0,0.0,0.0,0.0,0.0,77.0,0.0,0.0,0.0,0.0,0.0,0.0,0.2468410374258747
1701266473.7788124,80.0,19.8,1.06,4.67,0.9919632498497677,2.0,0.0,0.0,0.0,0.0,77.0,0.0,0.0,0.0,0.0,0.0,0.0,0.2468410374258747
1701266474.7798586,0.0,19.9,1.06,4.67,0.9919632498497677,2.0,0.0,0.0,0.0,0.0,77.0,0.0,0.0,0.0,0.0,0.0,0.0,0.2468410374258747
1701266475.780961,325.0,19.9,1.06,4.67,0.9919632498497677,2.0,0.0,0.0,0.0,0.0,73.0,0.0,0.0,0.0,0.0,0.0,0.0,0.2468410374258747
1701266476.7907152,62.5,19.8,1.06,4.67,0.9919631442489282,2.0,0.0,5.0,39851.0,159.0,73.0,25.0,18917.0,15.0,30.0,15.0,0.0,0.24684015802683493
1701266477.782794,0.0,19.8,1.06,4.67,0.9919631194100971,2.0,0.0,1.0,6747.0,33.0,74.0,4.0,3373.0,2.0,4.0,2.0,0.0,0.24684118399238136
1701266478.7840996,6.7,19.8,1.06,4.68,0.9919631205560467,2.0,0.0,0.0,92.0,0.0,73.0,2.0,32.0,0.0,0.0,0.0,0.0,0.24684015802683493
1701266479.7849512,50.0,19.8,1.06,4.69,0.9919631709508595,2.0,0.0,2.0,8600.0,0.0,73.0,8.0,5102.0,0.0,0.0,0.0,0.0,0.24684121330568268
1701266480.7859826,0.0,19.8,1.06,4.69,0.9919630178423199,2.0,0.0,1.0,19149.0,123.0,73.0,13.0,7545.0,12.0,24.0,12.0,0.0,0.24684030459334155
1701266481.7922215,193.8,19.8,1.06,4.69,0.9919630178423199,2.0,0.0,0.0,0.0,0.0,73.0,0.0,0.0,0.0,0.0,0.0,0.0,0.24684033390664287
1701266482.7906952,31.2,19.8,1.06,4.69,0.9919628293799276,2.0,0.0,2.0,26157.0,164.0,73.0,25.0,11005.0,14.0,28.0,14.0,0.0,0.24684039253324552
1701266483.7916687,93.8,19.8,1.06,4.69,0.9919626498067978,2.0,0.0,1.0,22435.0,143.0,74.0,26.0,8669.0,14.0,28.0,14.0,0.0,0.2468454051077724
1701266484.7927961,386.7,19.8,1.06,4.7,0.9919624650713923,2.0,0.0,0.0,14571.0,130.0,74.0,22.0,4915.0,11.0,22.0,11.0,0.0,0.2468454051077724
1701266485.7944787,93.3,19.8,1.06,4.7,0.9919623128349546,2.0,0.0,2.0,22286.0,138.0,74.0,19.0,9702.0,11.0,22.0,11.0,0.0,0.24684648969992148
1701266486.795604,33.3,19.8,1.06,4.7,0.9919623139809692,2.0,0.0,0.0,92.0,0.0,73.0,2.0,32.0,0.0,0.0,0.0,0.0,0.2468454930476764
1701266487.7966206,80.0,19.8,1.06,4.7,0.9919620599907142,2.0,0.0,0.0,0.0,0.0,74.0,0.0,0.0,0.0,0.0,0.0,0.0,0.2468456103008817
1701266488.7977679,6.7,19.8,1.06,4.71,0.9919620599907142,2.0,0.0,2.0,32344.0,211.0,74.0,29.0,13092.0,19.0,38.0,19.0,0.0,0.2468456103008817
1701266489.798715,37.5,19.8,1.06,4.71,0.9919618250855493,2.0,0.0,2.0,30849.0,197.0,73.0,20.0,12597.0,18.0,36.0,18.0,0.0,0.24684563961418302
1701266490.7997835,0.0,19.8,1.06,4.71,0.9919618505519321,2.0,0.0,1.0,4259.0,0.0,73.0,2.0,2537.0,0.0,0.0,0.0,0.0,0.2468459620604976
1701266491.8009226,12.5,19.8,1.06,4.71,0.991961604602586,2.0,0.0,0.0,0.0,0.0,75.0,0.0,0.0,0.0,0.0,0.0,0.0,0.24684602068710026
1701266492.8019016,6.2,19.8,1.06,4.71,0.991961604602586,2.0,0.0,1.0,26932.0,190.0,75.0,28.0,10168.0,18.0,36.0,18.0,0.0,0.24684602068710026
1701266493.805095,213.3,19.8,1.06,4.71,0.991961604602586,2.0,0.0,0.0,0.0,0.0,73.0,0.0,0.0,0.0,0.0,0.0,0.0,0.24684602068710026
1701266494.804656,13.3,19.8,1.06,4.71,0.9919613865715302,2.0,0.0,2.0,26158.0,181.0,75.0,25.0,11006.0,14.0,28.0,14.0,0.0,0.24685123845473642
1701266495.8056545,6.7,19.8,1.06,4.73,0.9919612011836055,2.0,0.0,1.0,21927.0,149.0,75.0,33.0,8507.0,13.0,26.0,13.0,0.0,0.2468512091414351
1701266496.8067749,140.0,19.8,1.06,4.74,0.9919611914926464,2.0,0.0,0.0,1336.0,8.0,75.0,3.0,450.0,1.0,2.0,1.0,0.0,0.24685123845473642
1701266497.8078115,0.0,19.8,1.06,4.74,0.9919611442238121,2.0,0.0,3.0,21482.0,83.0,73.0,15.0,10540.0,7.0,14.0,7.0,0.0,0.24685126776803776
1701266498.8088505,12.5,19.8,1.07,4.74,0.9919609173437085,2.0,0.0,1.0,26765.0,178.0,74.0,22.0,10115.0,18.0,36.0,18.0,0.0,0.24685126776803776
1701266499.809939,0.0,19.8,1.07,4.74,0.9919609173437085,2.0,0.0,0.0,0.0,0.0,74.0,0.0,0.0,0.0,0.0,0.0,0.0,0.24685126776803776
1701266500.8109448,106.2,19.8,1.07,4.75,0.9919606314993638,2.0,0.0,2.0,33493.0,231.0,74.0,28.0,13475.0,20.0,40.0,20.0,0.0,0.2468523230468855
1701266501.8122551,6.7,19.8,1.07,4.75,0.9919606314993638,2.0,0.0,0.0,0.0,0.0,74.0,0.0,0.0,0.0,0.0,0.0,0.0,0.2468523230468855
1701266502.8131301,0.0,19.8,1.07,4.75,0.9919604669523837,2.0,0.0,2.0,23453.0,146.0,73.0,16.0,10097.0,12.0,24.0,12.0,0.0,0.24685138502124307
1701266503.8142028,266.7,19.8,1.07,4.75,0.991960257413705,2.0,0.0,1.0,26783.0,167.0,73.0,24.0,10117.0,18.0,36.0,18.0,0.0,0.24685138502124307
1701266504.8152905,6.7,19.8,1.07,4.75,0.9919602828830251,2.0,0.0,1.0,4317.0,0.0,73.0,4.0,2557.0,0.0,0.0,0.0,0.0,0.24685138502124307
1701266505.8164163,20.0,19.8,1.07,4.76,0.9919600554001602,2.0,0.0,1.0,24910.0,174.0,74.0,28.0,9492.0,16.0,32.0,16.0,0.0,0.2468542870380744
1701266506.8174593,66.7,19.8,1.07,4.76,0.9919600034251802,2.0,0.0,1.0,9233.0,52.0,74.0,6.0,4207.0,4.0,8.0,4.0,0.0,0.2468549319307036
1701266507.818478,106.7,19.8,1.07,4.78,0.9919600023979169,2.0,0.0,0.0,0.0,0.0,74.0,0.0,0.0,0.0,0.0,0.0,0.0,0.24685630965586594
1701266508.8196332,0.0,19.8,1.07,4.78,0.9919600023979169,2.0,0.0,1.0,9058.0,25.0,74.0,22.0,4174.0,3.0,6.0,3.0,0.0,0.24685630965586594
1701266509.8206666,18.8,19.8,1.07,4.78,0.9919599167643636,2.0,0.0,0.0,0.0,0.0,74.0,0.0,0.0,0.0,0.0,0.0,0.0,0.24685736493471372
1701266510.8217807,6.2,19.8,1.07,4.78,0.9919599167643636,2.0,0.0,2.0,18646.0,93.0,74.0,18.0,8480.0,8.0,16.0,8.0,0.0,0.24685736493471372
1701266511.8228757,0.0,19.8,1.07,4.78,0.9919599665573651,2.0,0.0,2.0,8426.0,0.0,73.0,2.0,5042.0,0.0,0.0,0.0,0.0,0.2468563682824686
1701266512.823884,0.0,19.8,1.07,4.79,0.9919599204550086,2.0,0.0,0.0,0.0,0.0,74.0,0.0,0.0,0.0,0.0,0.0,0.0,0.246857482187919
1701266513.8250544,6.7,19.8,1.07,4.79,0.9919599204550086,2.0,0.0,1.0,8249.0,48.0,74.0,13.0,3875.0,3.0,6.0,3.0,0.0,0.246857482187919
1701266514.8260581,68.8,19.8,1.07,4.79,0.9919599204550086,2.0,0.0,0.0,0.0,0.0,73.0,0.0,0.0,0.0,0.0,0.0,0.0,0.246857482187919
1701266515.8270712,20.0,19.8,1.07,4.79,0.9919598342871639,2.0,0.0,3.0,28875.0,115.0,74.0,17.0,13031.0,13.0,26.0,13.0,0.0,0.24685762875442566
1701266516.8282375,260.0,19.8,1.07,4.8,0.9919597760028889,2.0,0.0,1.0,11492.0,59.0,74.0,25.0,4986.0,5.0,10.0,5.0,0.0,0.24686252407574721
1701266517.8292544,118.8,19.8,1.07,4.81,0.9919597760028889,2.0,0.0,0.0,0.0,0.0,74.0,0.0,0.0,0.0,0.0,0.0,0.0,0.24686252407574721
1701266518.8302753,37.5,19.8,1.07,4.81,0.9919597252063189,2.0,0.0,2.0,17927.0,73.0,73.0,18.0,8251.0,7.0,14.0,7.0,0.0,0.24686149811020078
1701266519.83126,50.0,19.8,1.07,4.81,0.9919596262642204,2.0,0.0,1.0,13151.0,85.0,74.0,15.0,5533.0,7.0,14.0,7.0,0.0,0.24686258270234987
1701266520.8324592,175.0,19.8,1.07,4.83,0.991959480725828,2.0,0.0,0.0,10038.0,99.0,74.0,10.0,3370.0,8.0,16.0,8.0,0.0,0.24686261201565118
1701266521.8335273,0.0,19.8,1.07,4.83,0.9919595061957525,2.0,0.0,1.0,4494.0,0.0,73.0,4.0,2616.0,0.0,0.0,0.0,0.0,0.24686269995555518
1701266522.8345182,6.7,19.8,1.07,4.83,0.9919594539147174,2.0,0.0,2.0,17408.0,72.0,74.0,17.0,8068.0,7.0,14.0,7.0,0.0,0.24686179124321406
1701266523.8356538,6.2,19.8,1.07,4.83,0.9919594539147174,2.0,0.0,0.0,0.0,0.0,74.0,0.0,0.0,0.0,0.0,0.0,0.0,0.24686179124321406
1701266524.8366318,20.0,19.8,1.07,4.83,0.9919593752913805,2.0,0.0,2.0,17139.0,87.0,73.0,9.0,7973.0,7.0,14.0,7.0,0.0,0.24686179124321406
1701266525.8377237,13.3,19.8,1.07,4.83,0.9919594013742228,2.0,0.0,1.0,4433.0,0.0,73.0,8.0,2597.0,0.0,0.0,0.0,0.0,0.24686187918311803
1701266526.8387263,18.8,19.8,1.07,4.84,0.9919593404192448,2.0,0.0,1.0,11734.0,61.0,74.0,8.0,5056.0,6.0,12.0,6.0,0.0,0.24686293446196578
1701266527.8397858,75.0,19.8,1.07,4.84,0.9919593415654495,2.0,0.0,0.0,92.0,0.0,74.0,2.0,32.0,0.0,0.0,0.0,0.0,0.24686671587783693
1701266528.8409154,137.5,19.8,1.07,4.85,0.9919592128587221,2.0,0.0,2.0,23834.0,125.0,73.0,38.0,10260.0,11.0,22.0,11.0,0.0,0.24686686244434355
1701266529.8419733,62.5,19.8,1.07,4.86,0.9919590729637334,2.0,0.0,1.0,16713.0,113.0,73.0,12.0,6731.0,10.0,20.0,10.0,0.0,0.2468669210709462
1701266530.8429995,100.0,19.8,1.07,4.86,0.991959061340333,2.0,0.0,1.0,6745.0,25.0,73.0,4.0,3371.0,2.0,4.0,2.0,0.0,0.2468669210709462
1701266531.8482747,12.5,19.8,1.07,4.86,0.9919590517913635,2.0,0.0,1.0,8170.0,26.0,73.0,11.0,3856.0,3.0,6.0,3.0,0.0,0.24686695038424755
1701266532.8492343,0.0,19.8,1.07,4.86,0.9919590772613327,2.0,0.0,1.0,4259.0,0.0,73.0,2.0,2537.0,0.0,0.0,0.0,0.0,0.24686695038424755
1701266533.850342,0.0,19.8,1.07,4.88,0.9919589567980528,2.0,0.0,1.0,15455.0,100.0,74.0,11.0,6299.0,9.0,18.0,9.0,0.0,0.2468680056630953
1701266534.8518243,31.2,19.8,1.07,4.88,0.9919588758963076,2.0,0.0,0.0,7735.0,58.0,73.0,14.0,2605.0,6.0,12.0,6.0,0.0,0.24686697969754887
1701266535.8528054,20.0,19.8,1.07,4.88,0.9919588068972136,2.0,0.0,2.0,18387.0,83.0,73.0,10.0,8395.0,8.0,16.0,8.0,0.0,0.24686697969754887
1701266536.8539345,40.0,19.8,1.07,4.89,0.9919586591825553,2.0,0.0,1.0,19571.0,122.0,74.0,35.0,7705.0,11.0,22.0,11.0,0.0,0.24687187501887045
1701266537.8550823,26.7,19.8,1.07,4.89,0.99195865953565,2.0,0.0,2.0,12412.0,35.0,74.0,12.0,6384.0,3.0,6.0,3.0,0.0,0.24687190433217177
1701266538.8561602,13.3,19.8,1.07,4.89,0.9919586591825553,2.0,0.0,0.0,0.0,0.0,74.0,0.0,0.0,0.0,0.0,0.0,0.0,0.24687187501887045
1701266539.8572252,18.8,19.8,1.07,4.89,0.99195865953565,2.0,0.0,0.0,0.0,0.0,74.0,0.0,0.0,0.0,0.0,0.0,0.0,0.24687190433217177
1701266540.8688202,1106.0,19.8,1.07,4.89,0.9919552066904099,2.0,0.0,2.0,256260.0,2386.0,74.0,203.0,88442.0,199.0,398.0,199.0,0.0,0.24687430802288055
1701266541.8761504,1062.0,19.9,1.07,4.89,0.9919552066904099,2.0,0.0,0.0,0.0,0.0,74.0,0.0,0.0,0.0,0.0,0.0,0.0,0.24687430802288055
1701266542.8622935,680.0,19.9,1.07,4.89,0.9919541728956268,2.0,0.0,0.0,0.0,0.0,78.0,0.0,0.0,0.0,0.0,0.0,0.0,0.24687492360220842
1701266543.862411,475.0,19.9,1.07,4.89,0.9919541728956268,2.0,0.0,0.0,0.0,0.0,78.0,0.0,0.0,0.0,0.0,0.0,0.0,0.24687483566230445
1701266544.8634374,237.5,19.9,1.07,4.89,0.9919541728956268,2.0,0.0,0.0,0.0,0.0,78.0,0.0,0.0,0.0,0.0,0.0,0.0,0.24687457184259248
1701266545.8644822,6.7,19.9,1.07,4.89,0.9919541728956268,2.0,0.0,0.0,0.0,0.0,78.0,0.0,0.0,0.0,0.0,0.0,0.0,0.24687495291550973
1701266546.865547,6.7,19.9,1.07,4.89,0.9919541728956268,2.0,0.0,2.0,84516.0,737.0,78.0,69.0,30632.0,61.0,122.0,61.0,0.0,0.2468744839026885
1701266547.866689,6.7,19.9,1.07,4.89,0.9919541728956268,2.0,0.0,0.0,0.0,0.0,78.0,0.0,0.0,0.0,0.0,0.0,0.0,0.24687457184259248
1701266548.8686123,162.5,19.9,1.07,4.9,0.9919522033944015,2.0,0.0,6.0,186846.0,1460.0,73.0,171.0,69568.0,128.0,256.0,128.0,0.0,0.24687861707817557
1701266549.8695931,0.0,19.9,1.07,4.9,0.9919521190464335,2.0,0.0,1.0,11736.0,75.0,73.0,8.0,5058.0,6.0,12.0,6.0,0.0,0.24687867570477823
1701266550.8706534,12.5,19.9,1.07,4.9,0.991952146294279,2.0,0.0,1.0,4525.0,0.0,74.0,10.0,2629.0,0.0,0.0,0.0,0.0,0.24687879295798354
1701266551.8717449,25.0,19.9,1.07,4.9,0.991952146294279,2.0,0.0,0.0,0.0,0.0,74.0,0.0,0.0,0.0,0.0,0.0,0.0,0.24687879295798354
1701266552.872391,331.2,19.9,1.07,4.9,0.991952146294279,2.0,0.0,0.0,0.0,0.0,73.0,0.0,0.0,0.0,0.0,0.0,0.0,0.24687879295798354
1701266553.873538,50.0,19.9,1.07,4.9,0.9919518785476801,2.0,0.0,3.0,38836.0,236.0,73.0,25.0,16384.0,21.0,42.0,21.0,0.0,0.24687882227128488
1701266554.8745544,60.0,19.9,1.07,4.91,0.9919519046488239,2.0,0.0,1.0,4433.0,0.0,74.0,8.0,2597.0,0.0,0.0,0.0,0.0,0.2468788515845862
1701266555.8755503,106.7,19.8,1.07,4.91,0.9919519046488239,2.0,0.0,0.0,0.0,0.0,73.0,0.0,0.0,0.0,0.0,0.0,0.0,0.24687891021118885
1701266556.8856719,988.2,19.9,1.07,4.94,0.9919486757671923,2.0,0.0,2.0,259358.0,2256.0,76.0,207.0,89540.0,201.0,402.0,201.0,0.0,0.24688550570398737
1701266557.880287,1069.0,19.9,1.07,4.94,0.9919486757671923,2.0,0.0,0.0,0.0,0.0,84.0,0.0,0.0,0.0,0.0,0.0,0.0,0.24688746969517625
1701266558.8972507,875.0,19.9,1.07,4.94,0.9919486757671923,2.0,0.0,0.0,0.0,0.0,84.0,0.0,0.0,0.0,0.0,0.0,0.0,0.24689286334262037
1701266559.8824043,862.5,19.9,1.08,4.94,0.9919486757671923,2.0,0.0,0.0,0.0,0.0,83.0,0.0,0.0,0.0,0.0,0.0,0.0,0.24689292196922302
1701266560.885246,953.3,19.9,1.08,4.94,0.9919486757671923,2.0,0.0,0.0,0.0,0.0,82.0,0.0,0.0,0.0,0.0,0.0,0.0,0.24689300990912702
1701266561.8972507,1013.0,19.9,1.08,4.94,0.9919486757671923,2.0,0.0,0.0,0.0,0.0,82.0,0.0,0.0,0.0,0.0,0.0,0.0,0.24689303922242833
1701266562.889539,893.8,19.9,1.08,4.94,0.9919486757671923,2.0,0.0,0.0,0.0,0.0,82.0,0.0,0.0,0.0,0.0,0.0,0.0,0.24689303922242833
1701266563.8874657,360.0,20.0,1.08,4.94,0.9919486757671923,2.0,0.0,0.0,0.0,0.0,82.0,0.0,0.0,0.0,0.0,0.0,0.0,0.24689303922242833
1701266564.8884702,733.3,20.0,1.08,4.94,0.9919486757671923,2.0,0.0,0.0,0.0,0.0,82.0,0.0,0.0,0.0,0.0,0.0,0.0,0.24689306853572965
1701266565.8904402,793.3,20.0,1.08,4.94,0.9919486757671923,2.0,0.0,0.0,0.0,0.0,82.0,0.0,0.0,0.0,0.0,0.0,0.0,0.24689306853572965
1701266566.8914936,293.8,20.0,1.08,4.94,0.9919474506772558,2.0,0.0,0.0,102502.0,855.0,82.0,88.0,34544.0,82.0,164.0,82.0,0.0,0.24689415312787874
1701266567.8925116,262.5,20.0,1.08,4.94,0.9919474506772558,2.0,0.0,0.0,0.0,0.0,82.0,0.0,0.0,0.0,0.0,0.0,0.0,0.2468942996943854
1701266568.8934786,37.5,20.0,1.08,4.94,0.9919474506772558,2.0,0.0,0.0,0.0,0.0,83.0,0.0,0.0,0.0,0.0,0.0,0.0,0.24689890188269367
1701266569.8944027,387.5,20.0,1.08,4.95,0.9919474506772558,2.0,0.0,0.0,0.0,0.0,82.0,0.0,0.0,0.0,0.0,0.0,0.0,0.2468996933418295
1701266570.8953803,546.7,20.0,1.09,4.95,0.9919474506772558,2.0,0.0,0.0,0.0,0.0,82.0,0.0,0.0,0.0,0.0,0.0,0.0,0.24689998647484276
1701266571.896391,160.0,20.0,1.09,4.95,0.9919474506772558,2.0,0.0,0.0,0.0,0.0,83.0,0.0,0.0,0.0,0.0,0.0,0.0,0.24690019166795205
1701266572.8973796,168.8,20.0,1.09,4.95,0.9919474506772558,2.0,0.0,0.0,0.0,0.0,83.0,0.0,0.0,0.0,0.0,0.0,0.0,0.2469002502945547
1701266573.89836,213.3,20.0,1.09,4.95,0.9919474506772558,2.0,0.0,0.0,0.0,0.0,82.0,0.0,0.0,0.0,0.0,0.0,0.0,0.24690030892115736
1701266574.8994033,218.8,20.0,1.09,4.95,0.9919474506772558,2.0,0.0,0.0,0.0,0.0,81.0,0.0,0.0,0.0,0.0,0.0,0.0,0.24690051411426664
1701266575.900412,286.7,20.0,1.09,4.95,0.9919474506772558,2.0,0.0,0.0,0.0,0.0,80.0,0.0,0.0,0.0,0.0,0.0,0.0,0.24690086587388257
1701266576.90142,488.2,20.0,1.09,4.95,0.9919444108573091,2.0,0.0,1.0,252955.0,2136.0,79.0,221.0,86263.0,198.0,396.0,198.0,0.0,0.24690121763349848
1701266577.9300444,1107.0,20.0,1.09,4.95,0.9919444108573091,2.0,0.0,0.0,0.0,0.0,70.0,0.0,0.0,0.0,0.0,0.0,0.0,0.24690136420000514
1701266578.924823,1041.0,20.0,1.09,4.95,0.9919304086238394,2.0,0.0,0.0,0.0,0.0,57.0,0.0,0.0,0.0,0.0,0.0,0.0,0.24690045548766398
1701266579.9388478,1080.0,20.0,1.09,4.95,0.9919304086238394,2.0,0.0,0.0,0.0,0.0,57.0,0.0,0.0,0.0,0.0,0.0,0.0,0.24690045548766398
1701266580.9243886,640.0,20.0,1.09,4.95,0.9919304086238394,2.0,0.0,0.0,0.0,0.0,57.0,0.0,0.0,0.0,0.0,0.0,0.0,0.24690048480096533
1701266581.925394,520.0,20.0,1.1,4.95,0.9919304086238394,2.0,0.0,0.0,0.0,0.0,57.0,0.0,0.0,0.0,0.0,0.0,0.0,0.24690045548766398
1701266582.9265409,726.7,20.0,1.1,4.95,0.9919304086238394,2.0,0.0,2.0,1165779.0,9884.0,56.0,987.0,393841.0,927.0,1854.0,927.0,0.0,0.24690048480096533
